title,category,tags,author_name,author_username,status,view_count,avg_rating,read_time_minutes,summary,content,published_at
Setting Up a Secure VPN for Remote Workers,IT Infrastructure,"cloud,storage,backup",Emma Brown,emma.brown,approved,1631,3.3,14,"This article covers setting up a secure vpn for remote workers for the IT Infrastructure domain. It provides step-by-step guidance, best practices, and practical examples to help team members follow organisational standards effectively.","<h2>Overview</h2><p>This article covers setting up a secure vpn for remote workers for the IT Infrastructure domain. It provides step-by-step guidance, best practices, and practical examples to help team members follow organisational standards effectively.</p><h2>Key Steps</h2><ul><li>Step 1: Complete the required action for cloud</li><li>Step 2: Complete the required action for storage</li><li>Step 3: Complete the required action for backup</li></ul><h2>Best Practices</h2><p>Always follow company policy when dealing with it infrastructure matters. Consult your manager or the relevant team lead if you are unsure about any step.</p><h2>References</h2><p>See the related policies in the knowledge base for further details.</p>",2024-10-28 00:00:00
AWS S3 Backup Policy and Retention Guidelines,IT Infrastructure,"azure,virtualization,networking",Emma Brown,emma.brown,published,1813,3.4,14,"This article covers aws s3 backup policy and retention guidelines for the IT Infrastructure domain. It provides step-by-step guidance, best practices, and practical examples to help team members follow organisational standards effectively.","<h2>Overview</h2><p>This article covers aws s3 backup policy and retention guidelines for the IT Infrastructure domain. It provides step-by-step guidance, best practices, and practical examples to help team members follow organisational standards effectively.</p><h2>Key Steps</h2><ul><li>Step 1: Complete the required action for azure</li><li>Step 2: Complete the required action for virtualization</li><li>Step 3: Complete the required action for networking</li></ul><h2>Best Practices</h2><p>Always follow company policy when dealing with it infrastructure matters. Consult your manager or the relevant team lead if you are unsure about any step.</p><h2>References</h2><p>See the related policies in the knowledge base for further details.</p>",2024-10-21 00:00:00
DNS Configuration Best Practices,IT Infrastructure,"cloud,azure",Frank Lee,frank.lee,published,2128,3.3,8,"This article covers dns configuration best practices for the IT Infrastructure domain. It provides step-by-step guidance, best practices, and practical examples to help team members follow organisational standards effectively.","<h2>Overview</h2><p>This article covers dns configuration best practices for the IT Infrastructure domain. It provides step-by-step guidance, best practices, and practical examples to help team members follow organisational standards effectively.</p><h2>Key Steps</h2><ul><li>Step 1: Complete the required action for cloud</li><li>Step 2: Complete the required action for azure</li></ul><h2>Best Practices</h2><p>Always follow company policy when dealing with it infrastructure matters. Consult your manager or the relevant team lead if you are unsure about any step.</p><h2>References</h2><p>See the related policies in the knowledge base for further details.</p>",2025-02-09 00:00:00
Migrating On-Premise Servers to Azure Cloud,IT Infrastructure,"azure,networking,backup",Alice Johnson,alice.johnson,published,325,4.6,11,"This article covers migrating on-premise servers to azure cloud for the IT Infrastructure domain. It provides step-by-step guidance, best practices, and practical examples to help team members follow organisational standards effectively.","<h2>Overview</h2><p>This article covers migrating on-premise servers to azure cloud for the IT Infrastructure domain. It provides step-by-step guidance, best practices, and practical examples to help team members follow organisational standards effectively.</p><h2>Key Steps</h2><ul><li>Step 1: Complete the required action for azure</li><li>Step 2: Complete the required action for networking</li><li>Step 3: Complete the required action for backup</li></ul><h2>Best Practices</h2><p>Always follow company policy when dealing with it infrastructure matters. Consult your manager or the relevant team lead if you are unsure about any step.</p><h2>References</h2><p>See the related policies in the knowledge base for further details.</p>",2024-11-06 00:00:00
Network Monitoring with Grafana and Prometheus,IT Infrastructure,"cloud,vpn",Alice Johnson,alice.johnson,approved,248,4.2,10,"This article covers network monitoring with grafana and prometheus for the IT Infrastructure domain. It provides step-by-step guidance, best practices, and practical examples to help team members follow organisational standards effectively.","<h2>Overview</h2><p>This article covers network monitoring with grafana and prometheus for the IT Infrastructure domain. It provides step-by-step guidance, best practices, and practical examples to help team members follow organisational standards effectively.</p><h2>Key Steps</h2><ul><li>Step 1: Complete the required action for cloud</li><li>Step 2: Complete the required action for vpn</li></ul><h2>Best Practices</h2><p>Always follow company policy when dealing with it infrastructure matters. Consult your manager or the relevant team lead if you are unsure about any step.</p><h2>References</h2><p>See the related policies in the knowledge base for further details.</p>",2024-05-13 00:00:00
Disaster Recovery Planning for Critical Systems,IT Infrastructure,"storage,aws,virtualization,servers",Grace Chen,grace.chen,approved,649,4.3,14,"This article covers disaster recovery planning for critical systems for the IT Infrastructure domain. It provides step-by-step guidance, best practices, and practical examples to help team members follow organisational standards effectively.","<h2>Overview</h2><p>This article covers disaster recovery planning for critical systems for the IT Infrastructure domain. It provides step-by-step guidance, best practices, and practical examples to help team members follow organisational standards effectively.</p><h2>Key Steps</h2><ul><li>Step 1: Complete the required action for storage</li><li>Step 2: Complete the required action for aws</li><li>Step 3: Complete the required action for virtualization</li><li>Step 4: Complete the required action for servers</li></ul><h2>Best Practices</h2><p>Always follow company policy when dealing with it infrastructure matters. Consult your manager or the relevant team lead if you are unsure about any step.</p><h2>References</h2><p>See the related policies in the knowledge base for further details.</p>",2024-10-01 00:00:00
Configuring Active Directory Group Policies,IT Infrastructure,"storage,virtualization",Bob Martinez,bob.martinez,approved,2246,4.3,13,"This article covers configuring active directory group policies for the IT Infrastructure domain. It provides step-by-step guidance, best practices, and practical examples to help team members follow organisational standards effectively.","<h2>Overview</h2><p>This article covers configuring active directory group policies for the IT Infrastructure domain. It provides step-by-step guidance, best practices, and practical examples to help team members follow organisational standards effectively.</p><h2>Key Steps</h2><ul><li>Step 1: Complete the required action for storage</li><li>Step 2: Complete the required action for virtualization</li></ul><h2>Best Practices</h2><p>Always follow company policy when dealing with it infrastructure matters. Consult your manager or the relevant team lead if you are unsure about any step.</p><h2>References</h2><p>See the related policies in the knowledge base for further details.</p>",2025-01-29 00:00:00
Kubernetes Cluster Maintenance Checklist,IT Infrastructure,"backup,cloud,dns",Grace Chen,grace.chen,approved,2041,3.6,11,"This article covers kubernetes cluster maintenance checklist for the IT Infrastructure domain. It provides step-by-step guidance, best practices, and practical examples to help team members follow organisational standards effectively.","<h2>Overview</h2><p>This article covers kubernetes cluster maintenance checklist for the IT Infrastructure domain. It provides step-by-step guidance, best practices, and practical examples to help team members follow organisational standards effectively.</p><h2>Key Steps</h2><ul><li>Step 1: Complete the required action for backup</li><li>Step 2: Complete the required action for cloud</li><li>Step 3: Complete the required action for dns</li></ul><h2>Best Practices</h2><p>Always follow company policy when dealing with it infrastructure matters. Consult your manager or the relevant team lead if you are unsure about any step.</p><h2>References</h2><p>See the related policies in the knowledge base for further details.</p>",2024-02-07 00:00:00
SSL/TLS Certificate Management Guide,IT Infrastructure,"virtualization,azure,storage,dns",Emma Brown,emma.brown,published,1727,4.1,17,"This article covers ssl/tls certificate management guide for the IT Infrastructure domain. It provides step-by-step guidance, best practices, and practical examples to help team members follow organisational standards effectively.","<h2>Overview</h2><p>This article covers ssl/tls certificate management guide for the IT Infrastructure domain. It provides step-by-step guidance, best practices, and practical examples to help team members follow organisational standards effectively.</p><h2>Key Steps</h2><ul><li>Step 1: Complete the required action for virtualization</li><li>Step 2: Complete the required action for azure</li><li>Step 3: Complete the required action for storage</li><li>Step 4: Complete the required action for dns</li></ul><h2>Best Practices</h2><p>Always follow company policy when dealing with it infrastructure matters. Consult your manager or the relevant team lead if you are unsure about any step.</p><h2>References</h2><p>See the related policies in the knowledge base for further details.</p>",2024-05-18 00:00:00
Patch Management Schedule and Procedures,IT Infrastructure,"vpn,cloud,virtualization,dns",Bob Martinez,bob.martinez,published,2239,4.3,13,"This article covers patch management schedule and procedures for the IT Infrastructure domain. It provides step-by-step guidance, best practices, and practical examples to help team members follow organisational standards effectively.","<h2>Overview</h2><p>This article covers patch management schedule and procedures for the IT Infrastructure domain. It provides step-by-step guidance, best practices, and practical examples to help team members follow organisational standards effectively.</p><h2>Key Steps</h2><ul><li>Step 1: Complete the required action for vpn</li><li>Step 2: Complete the required action for cloud</li><li>Step 3: Complete the required action for virtualization</li><li>Step 4: Complete the required action for dns</li></ul><h2>Best Practices</h2><p>Always follow company policy when dealing with it infrastructure matters. Consult your manager or the relevant team lead if you are unsure about any step.</p><h2>References</h2><p>See the related policies in the knowledge base for further details.</p>",2024-02-27 00:00:00
Load Balancer Setup for High-Availability Apps,IT Infrastructure,"storage,vpn,aws",Alice Johnson,alice.johnson,published,1100,5.0,7,"This article covers load balancer setup for high-availability apps for the IT Infrastructure domain. It provides step-by-step guidance, best practices, and practical examples to help team members follow organisational standards effectively.","<h2>Overview</h2><p>This article covers load balancer setup for high-availability apps for the IT Infrastructure domain. It provides step-by-step guidance, best practices, and practical examples to help team members follow organisational standards effectively.</p><h2>Key Steps</h2><ul><li>Step 1: Complete the required action for storage</li><li>Step 2: Complete the required action for vpn</li><li>Step 3: Complete the required action for aws</li></ul><h2>Best Practices</h2><p>Always follow company policy when dealing with it infrastructure matters. Consult your manager or the relevant team lead if you are unsure about any step.</p><h2>References</h2><p>See the related policies in the knowledge base for further details.</p>",2024-05-11 00:00:00
IT Asset Inventory and Lifecycle Management,IT Infrastructure,"backup,servers,azure",Grace Chen,grace.chen,published,246,4.1,5,"This article covers it asset inventory and lifecycle management for the IT Infrastructure domain. It provides step-by-step guidance, best practices, and practical examples to help team members follow organisational standards effectively.","<h2>Overview</h2><p>This article covers it asset inventory and lifecycle management for the IT Infrastructure domain. It provides step-by-step guidance, best practices, and practical examples to help team members follow organisational standards effectively.</p><h2>Key Steps</h2><ul><li>Step 1: Complete the required action for backup</li><li>Step 2: Complete the required action for servers</li><li>Step 3: Complete the required action for azure</li></ul><h2>Best Practices</h2><p>Always follow company policy when dealing with it infrastructure matters. Consult your manager or the relevant team lead if you are unsure about any step.</p><h2>References</h2><p>See the related policies in the knowledge base for further details.</p>",2024-05-25 00:00:00
Password Policy and MFA Enforcement Guide,Security & Compliance,"incident-response,gdpr",Grace Chen,grace.chen,published,289,4.0,7,"This article covers password policy and mfa enforcement guide for the Security & Compliance domain. It provides step-by-step guidance, best practices, and practical examples to help team members follow organisational standards effectively.","<h2>Overview</h2><p>This article covers password policy and mfa enforcement guide for the Security & Compliance domain. It provides step-by-step guidance, best practices, and practical examples to help team members follow organisational standards effectively.</p><h2>Key Steps</h2><ul><li>Step 1: Complete the required action for incident-response</li><li>Step 2: Complete the required action for gdpr</li></ul><h2>Best Practices</h2><p>Always follow company policy when dealing with security & compliance matters. Consult your manager or the relevant team lead if you are unsure about any step.</p><h2>References</h2><p>See the related policies in the knowledge base for further details.</p>",2024-02-14 00:00:00
Phishing Awareness Training for All Staff,Security & Compliance,"firewall,incident-response,encryption",Bob Martinez,bob.martinez,approved,1262,4.3,7,"This article covers phishing awareness training for all staff for the Security & Compliance domain. It provides step-by-step guidance, best practices, and practical examples to help team members follow organisational standards effectively.","<h2>Overview</h2><p>This article covers phishing awareness training for all staff for the Security & Compliance domain. It provides step-by-step guidance, best practices, and practical examples to help team members follow organisational standards effectively.</p><h2>Key Steps</h2><ul><li>Step 1: Complete the required action for firewall</li><li>Step 2: Complete the required action for incident-response</li><li>Step 3: Complete the required action for encryption</li></ul><h2>Best Practices</h2><p>Always follow company policy when dealing with security & compliance matters. Consult your manager or the relevant team lead if you are unsure about any step.</p><h2>References</h2><p>See the related policies in the knowledge base for further details.</p>",2025-01-01 00:00:00
GDPR Data Subject Request Handling Procedure,Security & Compliance,"access-control,gdpr,2fa",Alice Johnson,alice.johnson,published,856,4.1,11,"This article covers gdpr data subject request handling procedure for the Security & Compliance domain. It provides step-by-step guidance, best practices, and practical examples to help team members follow organisational standards effectively.","<h2>Overview</h2><p>This article covers gdpr data subject request handling procedure for the Security & Compliance domain. It provides step-by-step guidance, best practices, and practical examples to help team members follow organisational standards effectively.</p><h2>Key Steps</h2><ul><li>Step 1: Complete the required action for access-control</li><li>Step 2: Complete the required action for gdpr</li><li>Step 3: Complete the required action for 2fa</li></ul><h2>Best Practices</h2><p>Always follow company policy when dealing with security & compliance matters. Consult your manager or the relevant team lead if you are unsure about any step.</p><h2>References</h2><p>See the related policies in the knowledge base for further details.</p>",2025-01-09 00:00:00
Incident Response Playbook,Security & Compliance,"sox,phishing,encryption",David Kim,david.kim,archived,322,4.5,7,"This article covers incident response playbook for the Security & Compliance domain. It provides step-by-step guidance, best practices, and practical examples to help team members follow organisational standards effectively.","<h2>Overview</h2><p>This article covers incident response playbook for the Security & Compliance domain. It provides step-by-step guidance, best practices, and practical examples to help team members follow organisational standards effectively.</p><h2>Key Steps</h2><ul><li>Step 1: Complete the required action for sox</li><li>Step 2: Complete the required action for phishing</li><li>Step 3: Complete the required action for encryption</li></ul><h2>Best Practices</h2><p>Always follow company policy when dealing with security & compliance matters. Consult your manager or the relevant team lead if you are unsure about any step.</p><h2>References</h2><p>See the related policies in the knowledge base for further details.</p>",2024-05-02 00:00:00
SOX Compliance Checklist for IT Systems,Security & Compliance,"incident-response,sox,access-control,gdpr",Emma Brown,emma.brown,archived,219,4.3,8,"This article covers sox compliance checklist for it systems for the Security & Compliance domain. It provides step-by-step guidance, best practices, and practical examples to help team members follow organisational standards effectively.","<h2>Overview</h2><p>This article covers sox compliance checklist for it systems for the Security & Compliance domain. It provides step-by-step guidance, best practices, and practical examples to help team members follow organisational standards effectively.</p><h2>Key Steps</h2><ul><li>Step 1: Complete the required action for incident-response</li><li>Step 2: Complete the required action for sox</li><li>Step 3: Complete the required action for access-control</li><li>Step 4: Complete the required action for gdpr</li></ul><h2>Best Practices</h2><p>Always follow company policy when dealing with security & compliance matters. Consult your manager or the relevant team lead if you are unsure about any step.</p><h2>References</h2><p>See the related policies in the knowledge base for further details.</p>",2024-12-29 00:00:00
Endpoint Security Standards,Security & Compliance,"access-control,phishing,incident-response,sox",Carol White,carol.white,approved,1798,3.4,4,"This article covers endpoint security standards for the Security & Compliance domain. It provides step-by-step guidance, best practices, and practical examples to help team members follow organisational standards effectively.","<h2>Overview</h2><p>This article covers endpoint security standards for the Security & Compliance domain. It provides step-by-step guidance, best practices, and practical examples to help team members follow organisational standards effectively.</p><h2>Key Steps</h2><ul><li>Step 1: Complete the required action for access-control</li><li>Step 2: Complete the required action for phishing</li><li>Step 3: Complete the required action for incident-response</li><li>Step 4: Complete the required action for sox</li></ul><h2>Best Practices</h2><p>Always follow company policy when dealing with security & compliance matters. Consult your manager or the relevant team lead if you are unsure about any step.</p><h2>References</h2><p>See the related policies in the knowledge base for further details.</p>",2024-06-20 00:00:00
Access Control Review Process,Security & Compliance,"audit,access-control,gdpr,firewall",David Kim,david.kim,archived,1614,5.0,17,"This article covers access control review process for the Security & Compliance domain. It provides step-by-step guidance, best practices, and practical examples to help team members follow organisational standards effectively.","<h2>Overview</h2><p>This article covers access control review process for the Security & Compliance domain. It provides step-by-step guidance, best practices, and practical examples to help team members follow organisational standards effectively.</p><h2>Key Steps</h2><ul><li>Step 1: Complete the required action for audit</li><li>Step 2: Complete the required action for access-control</li><li>Step 3: Complete the required action for gdpr</li><li>Step 4: Complete the required action for firewall</li></ul><h2>Best Practices</h2><p>Always follow company policy when dealing with security & compliance matters. Consult your manager or the relevant team lead if you are unsure about any step.</p><h2>References</h2><p>See the related policies in the knowledge base for further details.</p>",2024-04-04 00:00:00
Data Classification and Handling Policy,Security & Compliance,"firewall,sox",Alice Johnson,alice.johnson,approved,1253,4.6,6,"This article covers data classification and handling policy for the Security & Compliance domain. It provides step-by-step guidance, best practices, and practical examples to help team members follow organisational standards effectively.","<h2>Overview</h2><p>This article covers data classification and handling policy for the Security & Compliance domain. It provides step-by-step guidance, best practices, and practical examples to help team members follow organisational standards effectively.</p><h2>Key Steps</h2><ul><li>Step 1: Complete the required action for firewall</li><li>Step 2: Complete the required action for sox</li></ul><h2>Best Practices</h2><p>Always follow company policy when dealing with security & compliance matters. Consult your manager or the relevant team lead if you are unsure about any step.</p><h2>References</h2><p>See the related policies in the knowledge base for further details.</p>",2024-11-11 00:00:00
Penetration Testing Scope and Scheduling,Security & Compliance,"firewall,gdpr",Bob Martinez,bob.martinez,archived,1322,3.2,3,"This article covers penetration testing scope and scheduling for the Security & Compliance domain. It provides step-by-step guidance, best practices, and practical examples to help team members follow organisational standards effectively.","<h2>Overview</h2><p>This article covers penetration testing scope and scheduling for the Security & Compliance domain. It provides step-by-step guidance, best practices, and practical examples to help team members follow organisational standards effectively.</p><h2>Key Steps</h2><ul><li>Step 1: Complete the required action for firewall</li><li>Step 2: Complete the required action for gdpr</li></ul><h2>Best Practices</h2><p>Always follow company policy when dealing with security & compliance matters. Consult your manager or the relevant team lead if you are unsure about any step.</p><h2>References</h2><p>See the related policies in the knowledge base for further details.</p>",2024-09-29 00:00:00
Security Audit Preparation Guide,Security & Compliance,"encryption,phishing,access-control,password",David Kim,david.kim,published,1833,4.6,5,"This article covers security audit preparation guide for the Security & Compliance domain. It provides step-by-step guidance, best practices, and practical examples to help team members follow organisational standards effectively.","<h2>Overview</h2><p>This article covers security audit preparation guide for the Security & Compliance domain. It provides step-by-step guidance, best practices, and practical examples to help team members follow organisational standards effectively.</p><h2>Key Steps</h2><ul><li>Step 1: Complete the required action for encryption</li><li>Step 2: Complete the required action for phishing</li><li>Step 3: Complete the required action for access-control</li><li>Step 4: Complete the required action for password</li></ul><h2>Best Practices</h2><p>Always follow company policy when dealing with security & compliance matters. Consult your manager or the relevant team lead if you are unsure about any step.</p><h2>References</h2><p>See the related policies in the knowledge base for further details.</p>",2024-08-05 00:00:00
Zero-Trust Network Architecture Overview,Security & Compliance,"firewall,access-control,incident-response,phishing",Frank Lee,frank.lee,published,609,3.7,5,"This article covers zero-trust network architecture overview for the Security & Compliance domain. It provides step-by-step guidance, best practices, and practical examples to help team members follow organisational standards effectively.","<h2>Overview</h2><p>This article covers zero-trust network architecture overview for the Security & Compliance domain. It provides step-by-step guidance, best practices, and practical examples to help team members follow organisational standards effectively.</p><h2>Key Steps</h2><ul><li>Step 1: Complete the required action for firewall</li><li>Step 2: Complete the required action for access-control</li><li>Step 3: Complete the required action for incident-response</li><li>Step 4: Complete the required action for phishing</li></ul><h2>Best Practices</h2><p>Always follow company policy when dealing with security & compliance matters. Consult your manager or the relevant team lead if you are unsure about any step.</p><h2>References</h2><p>See the related policies in the knowledge base for further details.</p>",2024-12-22 00:00:00
Ransomware Prevention and Recovery Steps,Security & Compliance,"access-control,phishing,sox,incident-response",Carol White,carol.white,archived,671,3.8,10,"This article covers ransomware prevention and recovery steps for the Security & Compliance domain. It provides step-by-step guidance, best practices, and practical examples to help team members follow organisational standards effectively.","<h2>Overview</h2><p>This article covers ransomware prevention and recovery steps for the Security & Compliance domain. It provides step-by-step guidance, best practices, and practical examples to help team members follow organisational standards effectively.</p><h2>Key Steps</h2><ul><li>Step 1: Complete the required action for access-control</li><li>Step 2: Complete the required action for phishing</li><li>Step 3: Complete the required action for sox</li><li>Step 4: Complete the required action for incident-response</li></ul><h2>Best Practices</h2><p>Always follow company policy when dealing with security & compliance matters. Consult your manager or the relevant team lead if you are unsure about any step.</p><h2>References</h2><p>See the related policies in the knowledge base for further details.</p>",2024-10-24 00:00:00
Employee Onboarding Checklist,HR Policies,"onboarding,training,leave,code-of-conduct",Bob Martinez,bob.martinez,published,322,4.3,17,"This article covers employee onboarding checklist for the HR Policies domain. It provides step-by-step guidance, best practices, and practical examples to help team members follow organisational standards effectively.","<h2>Overview</h2><p>This article covers employee onboarding checklist for the HR Policies domain. It provides step-by-step guidance, best practices, and practical examples to help team members follow organisational standards effectively.</p><h2>Key Steps</h2><ul><li>Step 1: Complete the required action for onboarding</li><li>Step 2: Complete the required action for training</li><li>Step 3: Complete the required action for leave</li><li>Step 4: Complete the required action for code-of-conduct</li></ul><h2>Best Practices</h2><p>Always follow company policy when dealing with hr policies matters. Consult your manager or the relevant team lead if you are unsure about any step.</p><h2>References</h2><p>See the related policies in the knowledge base for further details.</p>",2024-11-08 00:00:00
Remote Work Policy and Equipment Guidelines,HR Policies,"performance,termination,diversity",Bob Martinez,bob.martinez,published,289,3.3,18,"This article covers remote work policy and equipment guidelines for the HR Policies domain. It provides step-by-step guidance, best practices, and practical examples to help team members follow organisational standards effectively.","<h2>Overview</h2><p>This article covers remote work policy and equipment guidelines for the HR Policies domain. It provides step-by-step guidance, best practices, and practical examples to help team members follow organisational standards effectively.</p><h2>Key Steps</h2><ul><li>Step 1: Complete the required action for performance</li><li>Step 2: Complete the required action for termination</li><li>Step 3: Complete the required action for diversity</li></ul><h2>Best Practices</h2><p>Always follow company policy when dealing with hr policies matters. Consult your manager or the relevant team lead if you are unsure about any step.</p><h2>References</h2><p>See the related policies in the knowledge base for further details.</p>",2024-05-22 00:00:00
Annual Leave Request and Approval Process,HR Policies,"leave,benefits,performance",Carol White,carol.white,published,2400,3.4,11,"This article covers annual leave request and approval process for the HR Policies domain. It provides step-by-step guidance, best practices, and practical examples to help team members follow organisational standards effectively.","<h2>Overview</h2><p>This article covers annual leave request and approval process for the HR Policies domain. It provides step-by-step guidance, best practices, and practical examples to help team members follow organisational standards effectively.</p><h2>Key Steps</h2><ul><li>Step 1: Complete the required action for leave</li><li>Step 2: Complete the required action for benefits</li><li>Step 3: Complete the required action for performance</li></ul><h2>Best Practices</h2><p>Always follow company policy when dealing with hr policies matters. Consult your manager or the relevant team lead if you are unsure about any step.</p><h2>References</h2><p>See the related policies in the knowledge base for further details.</p>",2024-11-12 00:00:00
Performance Review Cycle and Criteria,HR Policies,"termination,hiring",Emma Brown,emma.brown,published,1818,4.8,14,"This article covers performance review cycle and criteria for the HR Policies domain. It provides step-by-step guidance, best practices, and practical examples to help team members follow organisational standards effectively.","<h2>Overview</h2><p>This article covers performance review cycle and criteria for the HR Policies domain. It provides step-by-step guidance, best practices, and practical examples to help team members follow organisational standards effectively.</p><h2>Key Steps</h2><ul><li>Step 1: Complete the required action for termination</li><li>Step 2: Complete the required action for hiring</li></ul><h2>Best Practices</h2><p>Always follow company policy when dealing with hr policies matters. Consult your manager or the relevant team lead if you are unsure about any step.</p><h2>References</h2><p>See the related policies in the knowledge base for further details.</p>",2024-06-28 00:00:00
Code of Conduct and Workplace Ethics,HR Policies,"performance,code-of-conduct",Bob Martinez,bob.martinez,published,1692,4.5,8,"This article covers code of conduct and workplace ethics for the HR Policies domain. It provides step-by-step guidance, best practices, and practical examples to help team members follow organisational standards effectively.","<h2>Overview</h2><p>This article covers code of conduct and workplace ethics for the HR Policies domain. It provides step-by-step guidance, best practices, and practical examples to help team members follow organisational standards effectively.</p><h2>Key Steps</h2><ul><li>Step 1: Complete the required action for performance</li><li>Step 2: Complete the required action for code-of-conduct</li></ul><h2>Best Practices</h2><p>Always follow company policy when dealing with hr policies matters. Consult your manager or the relevant team lead if you are unsure about any step.</p><h2>References</h2><p>See the related policies in the knowledge base for further details.</p>",2024-12-07 00:00:00
Training and Development Reimbursement Policy,HR Policies,"onboarding,performance,leave",Frank Lee,frank.lee,published,1714,3.8,5,"This article covers training and development reimbursement policy for the HR Policies domain. It provides step-by-step guidance, best practices, and practical examples to help team members follow organisational standards effectively.","<h2>Overview</h2><p>This article covers training and development reimbursement policy for the HR Policies domain. It provides step-by-step guidance, best practices, and practical examples to help team members follow organisational standards effectively.</p><h2>Key Steps</h2><ul><li>Step 1: Complete the required action for onboarding</li><li>Step 2: Complete the required action for performance</li><li>Step 3: Complete the required action for leave</li></ul><h2>Best Practices</h2><p>Always follow company policy when dealing with hr policies matters. Consult your manager or the relevant team lead if you are unsure about any step.</p><h2>References</h2><p>See the related policies in the knowledge base for further details.</p>",2024-09-13 00:00:00
"Diversity, Equity and Inclusion Initiatives",HR Policies,"diversity,performance,training",Emma Brown,emma.brown,approved,1490,4.9,6,"This article covers diversity, equity and inclusion initiatives for the HR Policies domain. It provides step-by-step guidance, best practices, and practical examples to help team members follow organisational standards effectively.","<h2>Overview</h2><p>This article covers diversity, equity and inclusion initiatives for the HR Policies domain. It provides step-by-step guidance, best practices, and practical examples to help team members follow organisational standards effectively.</p><h2>Key Steps</h2><ul><li>Step 1: Complete the required action for diversity</li><li>Step 2: Complete the required action for performance</li><li>Step 3: Complete the required action for training</li></ul><h2>Best Practices</h2><p>Always follow company policy when dealing with hr policies matters. Consult your manager or the relevant team lead if you are unsure about any step.</p><h2>References</h2><p>See the related policies in the knowledge base for further details.</p>",2024-08-11 00:00:00
Health and Wellness Benefits Overview,HR Policies,"code-of-conduct,performance,remote-work",Bob Martinez,bob.martinez,published,1347,4.7,12,"This article covers health and wellness benefits overview for the HR Policies domain. It provides step-by-step guidance, best practices, and practical examples to help team members follow organisational standards effectively.","<h2>Overview</h2><p>This article covers health and wellness benefits overview for the HR Policies domain. It provides step-by-step guidance, best practices, and practical examples to help team members follow organisational standards effectively.</p><h2>Key Steps</h2><ul><li>Step 1: Complete the required action for code-of-conduct</li><li>Step 2: Complete the required action for performance</li><li>Step 3: Complete the required action for remote-work</li></ul><h2>Best Practices</h2><p>Always follow company policy when dealing with hr policies matters. Consult your manager or the relevant team lead if you are unsure about any step.</p><h2>References</h2><p>See the related policies in the knowledge base for further details.</p>",2024-02-08 00:00:00
Disciplinary Action and Termination Procedure,HR Policies,"termination,benefits,code-of-conduct,hiring",Emma Brown,emma.brown,published,753,5.0,18,"This article covers disciplinary action and termination procedure for the HR Policies domain. It provides step-by-step guidance, best practices, and practical examples to help team members follow organisational standards effectively.","<h2>Overview</h2><p>This article covers disciplinary action and termination procedure for the HR Policies domain. It provides step-by-step guidance, best practices, and practical examples to help team members follow organisational standards effectively.</p><h2>Key Steps</h2><ul><li>Step 1: Complete the required action for termination</li><li>Step 2: Complete the required action for benefits</li><li>Step 3: Complete the required action for code-of-conduct</li><li>Step 4: Complete the required action for hiring</li></ul><h2>Best Practices</h2><p>Always follow company policy when dealing with hr policies matters. Consult your manager or the relevant team lead if you are unsure about any step.</p><h2>References</h2><p>See the related policies in the knowledge base for further details.</p>",2024-10-15 00:00:00
Hiring Process: From Requisition to Offer,HR Policies,"benefits,training,leave,diversity",Emma Brown,emma.brown,published,122,3.6,14,"This article covers hiring process: from requisition to offer for the HR Policies domain. It provides step-by-step guidance, best practices, and practical examples to help team members follow organisational standards effectively.","<h2>Overview</h2><p>This article covers hiring process: from requisition to offer for the HR Policies domain. It provides step-by-step guidance, best practices, and practical examples to help team members follow organisational standards effectively.</p><h2>Key Steps</h2><ul><li>Step 1: Complete the required action for benefits</li><li>Step 2: Complete the required action for training</li><li>Step 3: Complete the required action for leave</li><li>Step 4: Complete the required action for diversity</li></ul><h2>Best Practices</h2><p>Always follow company policy when dealing with hr policies matters. Consult your manager or the relevant team lead if you are unsure about any step.</p><h2>References</h2><p>See the related policies in the knowledge base for further details.</p>",2024-08-02 00:00:00
Employee Referral Programme Guidelines,HR Policies,"onboarding,diversity",Alice Johnson,alice.johnson,published,1782,4.1,7,"This article covers employee referral programme guidelines for the HR Policies domain. It provides step-by-step guidance, best practices, and practical examples to help team members follow organisational standards effectively.","<h2>Overview</h2><p>This article covers employee referral programme guidelines for the HR Policies domain. It provides step-by-step guidance, best practices, and practical examples to help team members follow organisational standards effectively.</p><h2>Key Steps</h2><ul><li>Step 1: Complete the required action for onboarding</li><li>Step 2: Complete the required action for diversity</li></ul><h2>Best Practices</h2><p>Always follow company policy when dealing with hr policies matters. Consult your manager or the relevant team lead if you are unsure about any step.</p><h2>References</h2><p>See the related policies in the knowledge base for further details.</p>",2024-03-07 00:00:00
Grievance Reporting and Resolution Policy,HR Policies,"hiring,remote-work,performance,code-of-conduct",Alice Johnson,alice.johnson,approved,1128,3.4,3,"This article covers grievance reporting and resolution policy for the HR Policies domain. It provides step-by-step guidance, best practices, and practical examples to help team members follow organisational standards effectively.","<h2>Overview</h2><p>This article covers grievance reporting and resolution policy for the HR Policies domain. It provides step-by-step guidance, best practices, and practical examples to help team members follow organisational standards effectively.</p><h2>Key Steps</h2><ul><li>Step 1: Complete the required action for hiring</li><li>Step 2: Complete the required action for remote-work</li><li>Step 3: Complete the required action for performance</li><li>Step 4: Complete the required action for code-of-conduct</li></ul><h2>Best Practices</h2><p>Always follow company policy when dealing with hr policies matters. Consult your manager or the relevant team lead if you are unsure about any step.</p><h2>References</h2><p>See the related policies in the knowledge base for further details.</p>",2024-03-07 00:00:00
Git Branching Strategy and Naming Conventions,Software Development,"docker,kubernetes,code-review,python",Grace Chen,grace.chen,archived,923,3.8,15,"This article covers git branching strategy and naming conventions for the Software Development domain. It provides step-by-step guidance, best practices, and practical examples to help team members follow organisational standards effectively.","<h2>Overview</h2><p>This article covers git branching strategy and naming conventions for the Software Development domain. It provides step-by-step guidance, best practices, and practical examples to help team members follow organisational standards effectively.</p><h2>Key Steps</h2><ul><li>Step 1: Complete the required action for docker</li><li>Step 2: Complete the required action for kubernetes</li><li>Step 3: Complete the required action for code-review</li><li>Step 4: Complete the required action for python</li></ul><h2>Best Practices</h2><p>Always follow company policy when dealing with software development matters. Consult your manager or the relevant team lead if you are unsure about any step.</p><h2>References</h2><p>See the related policies in the knowledge base for further details.</p>",2024-05-30 00:00:00
CI/CD Pipeline Setup with GitHub Actions,Software Development,"docker,python",Grace Chen,grace.chen,approved,1063,3.5,15,"This article covers ci/cd pipeline setup with github actions for the Software Development domain. It provides step-by-step guidance, best practices, and practical examples to help team members follow organisational standards effectively.","<h2>Overview</h2><p>This article covers ci/cd pipeline setup with github actions for the Software Development domain. It provides step-by-step guidance, best practices, and practical examples to help team members follow organisational standards effectively.</p><h2>Key Steps</h2><ul><li>Step 1: Complete the required action for docker</li><li>Step 2: Complete the required action for python</li></ul><h2>Best Practices</h2><p>Always follow company policy when dealing with software development matters. Consult your manager or the relevant team lead if you are unsure about any step.</p><h2>References</h2><p>See the related policies in the knowledge base for further details.</p>",2024-03-13 00:00:00
API Design Standards and Versioning Policy,Software Development,"git,testing",Carol White,carol.white,published,926,3.4,15,"This article covers api design standards and versioning policy for the Software Development domain. It provides step-by-step guidance, best practices, and practical examples to help team members follow organisational standards effectively.","<h2>Overview</h2><p>This article covers api design standards and versioning policy for the Software Development domain. It provides step-by-step guidance, best practices, and practical examples to help team members follow organisational standards effectively.</p><h2>Key Steps</h2><ul><li>Step 1: Complete the required action for git</li><li>Step 2: Complete the required action for testing</li></ul><h2>Best Practices</h2><p>Always follow company policy when dealing with software development matters. Consult your manager or the relevant team lead if you are unsure about any step.</p><h2>References</h2><p>See the related policies in the knowledge base for further details.</p>",2024-07-03 00:00:00
Docker Containerisation Guide for Node.js Apps,Software Development,"testing,code-review,react,git",Emma Brown,emma.brown,published,2168,3.7,10,"This article covers docker containerisation guide for node.js apps for the Software Development domain. It provides step-by-step guidance, best practices, and practical examples to help team members follow organisational standards effectively.","<h2>Overview</h2><p>This article covers docker containerisation guide for node.js apps for the Software Development domain. It provides step-by-step guidance, best practices, and practical examples to help team members follow organisational standards effectively.</p><h2>Key Steps</h2><ul><li>Step 1: Complete the required action for testing</li><li>Step 2: Complete the required action for code-review</li><li>Step 3: Complete the required action for react</li><li>Step 4: Complete the required action for git</li></ul><h2>Best Practices</h2><p>Always follow company policy when dealing with software development matters. Consult your manager or the relevant team lead if you are unsure about any step.</p><h2>References</h2><p>See the related policies in the knowledge base for further details.</p>",2024-04-20 00:00:00
Code Review Checklist and Best Practices,Software Development,"kubernetes,api,code-review,docker",Frank Lee,frank.lee,published,581,5.0,18,"This article covers code review checklist and best practices for the Software Development domain. It provides step-by-step guidance, best practices, and practical examples to help team members follow organisational standards effectively.","<h2>Overview</h2><p>This article covers code review checklist and best practices for the Software Development domain. It provides step-by-step guidance, best practices, and practical examples to help team members follow organisational standards effectively.</p><h2>Key Steps</h2><ul><li>Step 1: Complete the required action for kubernetes</li><li>Step 2: Complete the required action for api</li><li>Step 3: Complete the required action for code-review</li><li>Step 4: Complete the required action for docker</li></ul><h2>Best Practices</h2><p>Always follow company policy when dealing with software development matters. Consult your manager or the relevant team lead if you are unsure about any step.</p><h2>References</h2><p>See the related policies in the knowledge base for further details.</p>",2024-03-12 00:00:00
Unit Testing Requirements and Coverage Targets,Software Development,"api,docker,python,kubernetes",David Kim,david.kim,published,2156,4.8,12,"This article covers unit testing requirements and coverage targets for the Software Development domain. It provides step-by-step guidance, best practices, and practical examples to help team members follow organisational standards effectively.","<h2>Overview</h2><p>This article covers unit testing requirements and coverage targets for the Software Development domain. It provides step-by-step guidance, best practices, and practical examples to help team members follow organisational standards effectively.</p><h2>Key Steps</h2><ul><li>Step 1: Complete the required action for api</li><li>Step 2: Complete the required action for docker</li><li>Step 3: Complete the required action for python</li><li>Step 4: Complete the required action for kubernetes</li></ul><h2>Best Practices</h2><p>Always follow company policy when dealing with software development matters. Consult your manager or the relevant team lead if you are unsure about any step.</p><h2>References</h2><p>See the related policies in the knowledge base for further details.</p>",2025-01-28 00:00:00
Secrets Management with HashiCorp Vault,Software Development,"code-review,api,ci-cd,kubernetes",Bob Martinez,bob.martinez,published,1566,3.4,15,"This article covers secrets management with hashicorp vault for the Software Development domain. It provides step-by-step guidance, best practices, and practical examples to help team members follow organisational standards effectively.","<h2>Overview</h2><p>This article covers secrets management with hashicorp vault for the Software Development domain. It provides step-by-step guidance, best practices, and practical examples to help team members follow organisational standards effectively.</p><h2>Key Steps</h2><ul><li>Step 1: Complete the required action for code-review</li><li>Step 2: Complete the required action for api</li><li>Step 3: Complete the required action for ci-cd</li><li>Step 4: Complete the required action for kubernetes</li></ul><h2>Best Practices</h2><p>Always follow company policy when dealing with software development matters. Consult your manager or the relevant team lead if you are unsure about any step.</p><h2>References</h2><p>See the related policies in the knowledge base for further details.</p>",2024-05-06 00:00:00
React Component Library and Design System,Software Development,"nodejs,api",Bob Martinez,bob.martinez,published,1672,3.4,3,"This article covers react component library and design system for the Software Development domain. It provides step-by-step guidance, best practices, and practical examples to help team members follow organisational standards effectively.","<h2>Overview</h2><p>This article covers react component library and design system for the Software Development domain. It provides step-by-step guidance, best practices, and practical examples to help team members follow organisational standards effectively.</p><h2>Key Steps</h2><ul><li>Step 1: Complete the required action for nodejs</li><li>Step 2: Complete the required action for api</li></ul><h2>Best Practices</h2><p>Always follow company policy when dealing with software development matters. Consult your manager or the relevant team lead if you are unsure about any step.</p><h2>References</h2><p>See the related policies in the knowledge base for further details.</p>",2024-04-08 00:00:00
Database Migration Workflow with Flyway,Software Development,"git,python,api,code-review",David Kim,david.kim,published,1508,4.7,15,"This article covers database migration workflow with flyway for the Software Development domain. It provides step-by-step guidance, best practices, and practical examples to help team members follow organisational standards effectively.","<h2>Overview</h2><p>This article covers database migration workflow with flyway for the Software Development domain. It provides step-by-step guidance, best practices, and practical examples to help team members follow organisational standards effectively.</p><h2>Key Steps</h2><ul><li>Step 1: Complete the required action for git</li><li>Step 2: Complete the required action for python</li><li>Step 3: Complete the required action for api</li><li>Step 4: Complete the required action for code-review</li></ul><h2>Best Practices</h2><p>Always follow company policy when dealing with software development matters. Consult your manager or the relevant team lead if you are unsure about any step.</p><h2>References</h2><p>See the related policies in the knowledge base for further details.</p>",2024-07-10 00:00:00
Logging and Observability Standards,Software Development,"code-review,docker,nodejs",Bob Martinez,bob.martinez,published,349,3.5,10,"This article covers logging and observability standards for the Software Development domain. It provides step-by-step guidance, best practices, and practical examples to help team members follow organisational standards effectively.","<h2>Overview</h2><p>This article covers logging and observability standards for the Software Development domain. It provides step-by-step guidance, best practices, and practical examples to help team members follow organisational standards effectively.</p><h2>Key Steps</h2><ul><li>Step 1: Complete the required action for code-review</li><li>Step 2: Complete the required action for docker</li><li>Step 3: Complete the required action for nodejs</li></ul><h2>Best Practices</h2><p>Always follow company policy when dealing with software development matters. Consult your manager or the relevant team lead if you are unsure about any step.</p><h2>References</h2><p>See the related policies in the knowledge base for further details.</p>",2024-07-04 00:00:00
Dependency Vulnerability Scanning Process,Software Development,"nodejs,git,react",Alice Johnson,alice.johnson,published,1129,4.4,12,"This article covers dependency vulnerability scanning process for the Software Development domain. It provides step-by-step guidance, best practices, and practical examples to help team members follow organisational standards effectively.","<h2>Overview</h2><p>This article covers dependency vulnerability scanning process for the Software Development domain. It provides step-by-step guidance, best practices, and practical examples to help team members follow organisational standards effectively.</p><h2>Key Steps</h2><ul><li>Step 1: Complete the required action for nodejs</li><li>Step 2: Complete the required action for git</li><li>Step 3: Complete the required action for react</li></ul><h2>Best Practices</h2><p>Always follow company policy when dealing with software development matters. Consult your manager or the relevant team lead if you are unsure about any step.</p><h2>References</h2><p>See the related policies in the knowledge base for further details.</p>",2024-06-21 00:00:00
Release Management and Hotfix Procedure,Software Development,"react,kubernetes",Bob Martinez,bob.martinez,approved,1970,4.4,13,"This article covers release management and hotfix procedure for the Software Development domain. It provides step-by-step guidance, best practices, and practical examples to help team members follow organisational standards effectively.","<h2>Overview</h2><p>This article covers release management and hotfix procedure for the Software Development domain. It provides step-by-step guidance, best practices, and practical examples to help team members follow organisational standards effectively.</p><h2>Key Steps</h2><ul><li>Step 1: Complete the required action for react</li><li>Step 2: Complete the required action for kubernetes</li></ul><h2>Best Practices</h2><p>Always follow company policy when dealing with software development matters. Consult your manager or the relevant team lead if you are unsure about any step.</p><h2>References</h2><p>See the related policies in the knowledge base for further details.</p>",2024-11-28 00:00:00
Agile Sprint Planning Guide,Project Management,"stakeholder,agile,jira,timeline",Grace Chen,grace.chen,published,496,4.4,8,"This article covers agile sprint planning guide for the Project Management domain. It provides step-by-step guidance, best practices, and practical examples to help team members follow organisational standards effectively.","<h2>Overview</h2><p>This article covers agile sprint planning guide for the Project Management domain. It provides step-by-step guidance, best practices, and practical examples to help team members follow organisational standards effectively.</p><h2>Key Steps</h2><ul><li>Step 1: Complete the required action for stakeholder</li><li>Step 2: Complete the required action for agile</li><li>Step 3: Complete the required action for jira</li><li>Step 4: Complete the required action for timeline</li></ul><h2>Best Practices</h2><p>Always follow company policy when dealing with project management matters. Consult your manager or the relevant team lead if you are unsure about any step.</p><h2>References</h2><p>See the related policies in the knowledge base for further details.</p>",2025-01-03 00:00:00
RACI Matrix Template and Usage Guide,Project Management,"agile,jira",Alice Johnson,alice.johnson,published,2255,4.5,10,"This article covers raci matrix template and usage guide for the Project Management domain. It provides step-by-step guidance, best practices, and practical examples to help team members follow organisational standards effectively.","<h2>Overview</h2><p>This article covers raci matrix template and usage guide for the Project Management domain. It provides step-by-step guidance, best practices, and practical examples to help team members follow organisational standards effectively.</p><h2>Key Steps</h2><ul><li>Step 1: Complete the required action for agile</li><li>Step 2: Complete the required action for jira</li></ul><h2>Best Practices</h2><p>Always follow company policy when dealing with project management matters. Consult your manager or the relevant team lead if you are unsure about any step.</p><h2>References</h2><p>See the related policies in the knowledge base for further details.</p>",2024-09-24 00:00:00
Risk Register Maintenance Best Practices,Project Management,"risk,roadmap,stakeholder,jira",Grace Chen,grace.chen,published,1578,3.7,17,"This article covers risk register maintenance best practices for the Project Management domain. It provides step-by-step guidance, best practices, and practical examples to help team members follow organisational standards effectively.","<h2>Overview</h2><p>This article covers risk register maintenance best practices for the Project Management domain. It provides step-by-step guidance, best practices, and practical examples to help team members follow organisational standards effectively.</p><h2>Key Steps</h2><ul><li>Step 1: Complete the required action for risk</li><li>Step 2: Complete the required action for roadmap</li><li>Step 3: Complete the required action for stakeholder</li><li>Step 4: Complete the required action for jira</li></ul><h2>Best Practices</h2><p>Always follow company policy when dealing with project management matters. Consult your manager or the relevant team lead if you are unsure about any step.</p><h2>References</h2><p>See the related policies in the knowledge base for further details.</p>",2024-04-18 00:00:00
Jira Workflow Configuration for Engineering,Project Management,"jira,roadmap",David Kim,david.kim,approved,1769,4.7,18,"This article covers jira workflow configuration for engineering for the Project Management domain. It provides step-by-step guidance, best practices, and practical examples to help team members follow organisational standards effectively.","<h2>Overview</h2><p>This article covers jira workflow configuration for engineering for the Project Management domain. It provides step-by-step guidance, best practices, and practical examples to help team members follow organisational standards effectively.</p><h2>Key Steps</h2><ul><li>Step 1: Complete the required action for jira</li><li>Step 2: Complete the required action for roadmap</li></ul><h2>Best Practices</h2><p>Always follow company policy when dealing with project management matters. Consult your manager or the relevant team lead if you are unsure about any step.</p><h2>References</h2><p>See the related policies in the knowledge base for further details.</p>",2024-02-27 00:00:00
Project Kick-off Meeting Agenda Template,Project Management,"jira,roadmap",Emma Brown,emma.brown,approved,1985,4.2,17,"This article covers project kick-off meeting agenda template for the Project Management domain. It provides step-by-step guidance, best practices, and practical examples to help team members follow organisational standards effectively.","<h2>Overview</h2><p>This article covers project kick-off meeting agenda template for the Project Management domain. It provides step-by-step guidance, best practices, and practical examples to help team members follow organisational standards effectively.</p><h2>Key Steps</h2><ul><li>Step 1: Complete the required action for jira</li><li>Step 2: Complete the required action for roadmap</li></ul><h2>Best Practices</h2><p>Always follow company policy when dealing with project management matters. Consult your manager or the relevant team lead if you are unsure about any step.</p><h2>References</h2><p>See the related policies in the knowledge base for further details.</p>",2024-02-16 00:00:00
Stakeholder Communication Plan Template,Project Management,"roadmap,deliverables",Frank Lee,frank.lee,published,2255,4.5,6,"This article covers stakeholder communication plan template for the Project Management domain. It provides step-by-step guidance, best practices, and practical examples to help team members follow organisational standards effectively.","<h2>Overview</h2><p>This article covers stakeholder communication plan template for the Project Management domain. It provides step-by-step guidance, best practices, and practical examples to help team members follow organisational standards effectively.</p><h2>Key Steps</h2><ul><li>Step 1: Complete the required action for roadmap</li><li>Step 2: Complete the required action for deliverables</li></ul><h2>Best Practices</h2><p>Always follow company policy when dealing with project management matters. Consult your manager or the relevant team lead if you are unsure about any step.</p><h2>References</h2><p>See the related policies in the knowledge base for further details.</p>",2024-06-29 00:00:00
Change Request and Approval Process,Project Management,"budget,scrum,risk,sprint",Frank Lee,frank.lee,archived,1544,4.3,13,"This article covers change request and approval process for the Project Management domain. It provides step-by-step guidance, best practices, and practical examples to help team members follow organisational standards effectively.","<h2>Overview</h2><p>This article covers change request and approval process for the Project Management domain. It provides step-by-step guidance, best practices, and practical examples to help team members follow organisational standards effectively.</p><h2>Key Steps</h2><ul><li>Step 1: Complete the required action for budget</li><li>Step 2: Complete the required action for scrum</li><li>Step 3: Complete the required action for risk</li><li>Step 4: Complete the required action for sprint</li></ul><h2>Best Practices</h2><p>Always follow company policy when dealing with project management matters. Consult your manager or the relevant team lead if you are unsure about any step.</p><h2>References</h2><p>See the related policies in the knowledge base for further details.</p>",2024-07-01 00:00:00
Project Closure and Lessons-Learned Report,Project Management,"sprint,budget",Bob Martinez,bob.martinez,approved,2153,4.1,3,"This article covers project closure and lessons-learned report for the Project Management domain. It provides step-by-step guidance, best practices, and practical examples to help team members follow organisational standards effectively.","<h2>Overview</h2><p>This article covers project closure and lessons-learned report for the Project Management domain. It provides step-by-step guidance, best practices, and practical examples to help team members follow organisational standards effectively.</p><h2>Key Steps</h2><ul><li>Step 1: Complete the required action for sprint</li><li>Step 2: Complete the required action for budget</li></ul><h2>Best Practices</h2><p>Always follow company policy when dealing with project management matters. Consult your manager or the relevant team lead if you are unsure about any step.</p><h2>References</h2><p>See the related policies in the knowledge base for further details.</p>",2025-02-06 00:00:00
Budget Tracking and Forecasting Template,Project Management,"timeline,roadmap",Bob Martinez,bob.martinez,published,18,4.2,13,"This article covers budget tracking and forecasting template for the Project Management domain. It provides step-by-step guidance, best practices, and practical examples to help team members follow organisational standards effectively.","<h2>Overview</h2><p>This article covers budget tracking and forecasting template for the Project Management domain. It provides step-by-step guidance, best practices, and practical examples to help team members follow organisational standards effectively.</p><h2>Key Steps</h2><ul><li>Step 1: Complete the required action for timeline</li><li>Step 2: Complete the required action for roadmap</li></ul><h2>Best Practices</h2><p>Always follow company policy when dealing with project management matters. Consult your manager or the relevant team lead if you are unsure about any step.</p><h2>References</h2><p>See the related policies in the knowledge base for further details.</p>",2024-07-09 00:00:00
OKR Setting and Quarterly Review Process,Project Management,"roadmap,agile",David Kim,david.kim,published,1063,3.7,15,"This article covers okr setting and quarterly review process for the Project Management domain. It provides step-by-step guidance, best practices, and practical examples to help team members follow organisational standards effectively.","<h2>Overview</h2><p>This article covers okr setting and quarterly review process for the Project Management domain. It provides step-by-step guidance, best practices, and practical examples to help team members follow organisational standards effectively.</p><h2>Key Steps</h2><ul><li>Step 1: Complete the required action for roadmap</li><li>Step 2: Complete the required action for agile</li></ul><h2>Best Practices</h2><p>Always follow company policy when dealing with project management matters. Consult your manager or the relevant team lead if you are unsure about any step.</p><h2>References</h2><p>See the related policies in the knowledge base for further details.</p>",2024-12-24 00:00:00
Product Roadmap Governance Guidelines,Project Management,"scrum,risk,roadmap",Emma Brown,emma.brown,published,1114,3.4,9,"This article covers product roadmap governance guidelines for the Project Management domain. It provides step-by-step guidance, best practices, and practical examples to help team members follow organisational standards effectively.","<h2>Overview</h2><p>This article covers product roadmap governance guidelines for the Project Management domain. It provides step-by-step guidance, best practices, and practical examples to help team members follow organisational standards effectively.</p><h2>Key Steps</h2><ul><li>Step 1: Complete the required action for scrum</li><li>Step 2: Complete the required action for risk</li><li>Step 3: Complete the required action for roadmap</li></ul><h2>Best Practices</h2><p>Always follow company policy when dealing with project management matters. Consult your manager or the relevant team lead if you are unsure about any step.</p><h2>References</h2><p>See the related policies in the knowledge base for further details.</p>",2024-04-11 00:00:00
Post-Mortem Analysis Framework,Project Management,"deliverables,scrum,stakeholder,timeline",Carol White,carol.white,published,2318,4.5,6,"This article covers post-mortem analysis framework for the Project Management domain. It provides step-by-step guidance, best practices, and practical examples to help team members follow organisational standards effectively.","<h2>Overview</h2><p>This article covers post-mortem analysis framework for the Project Management domain. It provides step-by-step guidance, best practices, and practical examples to help team members follow organisational standards effectively.</p><h2>Key Steps</h2><ul><li>Step 1: Complete the required action for deliverables</li><li>Step 2: Complete the required action for scrum</li><li>Step 3: Complete the required action for stakeholder</li><li>Step 4: Complete the required action for timeline</li></ul><h2>Best Practices</h2><p>Always follow company policy when dealing with project management matters. Consult your manager or the relevant team lead if you are unsure about any step.</p><h2>References</h2><p>See the related policies in the knowledge base for further details.</p>",2024-10-03 00:00:00
Expense Claim Submission and Approval Policy,Finance & Accounting,"tax,audit,reimbursement",Frank Lee,frank.lee,archived,2286,3.4,5,"This article covers expense claim submission and approval policy for the Finance & Accounting domain. It provides step-by-step guidance, best practices, and practical examples to help team members follow organisational standards effectively.","<h2>Overview</h2><p>This article covers expense claim submission and approval policy for the Finance & Accounting domain. It provides step-by-step guidance, best practices, and practical examples to help team members follow organisational standards effectively.</p><h2>Key Steps</h2><ul><li>Step 1: Complete the required action for tax</li><li>Step 2: Complete the required action for audit</li><li>Step 3: Complete the required action for reimbursement</li></ul><h2>Best Practices</h2><p>Always follow company policy when dealing with finance & accounting matters. Consult your manager or the relevant team lead if you are unsure about any step.</p><h2>References</h2><p>See the related policies in the knowledge base for further details.</p>",2024-06-11 00:00:00
Purchase Order and Procurement Workflow,Finance & Accounting,"tax,expense",Emma Brown,emma.brown,approved,2364,4.5,17,"This article covers purchase order and procurement workflow for the Finance & Accounting domain. It provides step-by-step guidance, best practices, and practical examples to help team members follow organisational standards effectively.","<h2>Overview</h2><p>This article covers purchase order and procurement workflow for the Finance & Accounting domain. It provides step-by-step guidance, best practices, and practical examples to help team members follow organisational standards effectively.</p><h2>Key Steps</h2><ul><li>Step 1: Complete the required action for tax</li><li>Step 2: Complete the required action for expense</li></ul><h2>Best Practices</h2><p>Always follow company policy when dealing with finance & accounting matters. Consult your manager or the relevant team lead if you are unsure about any step.</p><h2>References</h2><p>See the related policies in the knowledge base for further details.</p>",2024-05-25 00:00:00
Payroll Processing Schedule and Deadlines,Finance & Accounting,"budget,audit,expense",Frank Lee,frank.lee,approved,58,4.3,7,"This article covers payroll processing schedule and deadlines for the Finance & Accounting domain. It provides step-by-step guidance, best practices, and practical examples to help team members follow organisational standards effectively.","<h2>Overview</h2><p>This article covers payroll processing schedule and deadlines for the Finance & Accounting domain. It provides step-by-step guidance, best practices, and practical examples to help team members follow organisational standards effectively.</p><h2>Key Steps</h2><ul><li>Step 1: Complete the required action for budget</li><li>Step 2: Complete the required action for audit</li><li>Step 3: Complete the required action for expense</li></ul><h2>Best Practices</h2><p>Always follow company policy when dealing with finance & accounting matters. Consult your manager or the relevant team lead if you are unsure about any step.</p><h2>References</h2><p>See the related policies in the knowledge base for further details.</p>",2024-06-19 00:00:00
Travel and Entertainment Expense Guidelines,Finance & Accounting,"procurement,compliance",Emma Brown,emma.brown,published,663,3.9,8,"This article covers travel and entertainment expense guidelines for the Finance & Accounting domain. It provides step-by-step guidance, best practices, and practical examples to help team members follow organisational standards effectively.","<h2>Overview</h2><p>This article covers travel and entertainment expense guidelines for the Finance & Accounting domain. It provides step-by-step guidance, best practices, and practical examples to help team members follow organisational standards effectively.</p><h2>Key Steps</h2><ul><li>Step 1: Complete the required action for procurement</li><li>Step 2: Complete the required action for compliance</li></ul><h2>Best Practices</h2><p>Always follow company policy when dealing with finance & accounting matters. Consult your manager or the relevant team lead if you are unsure about any step.</p><h2>References</h2><p>See the related policies in the knowledge base for further details.</p>",2025-01-03 00:00:00
Month-End Close Checklist,Finance & Accounting,"compliance,tax,procurement",David Kim,david.kim,approved,386,3.7,9,"This article covers month-end close checklist for the Finance & Accounting domain. It provides step-by-step guidance, best practices, and practical examples to help team members follow organisational standards effectively.","<h2>Overview</h2><p>This article covers month-end close checklist for the Finance & Accounting domain. It provides step-by-step guidance, best practices, and practical examples to help team members follow organisational standards effectively.</p><h2>Key Steps</h2><ul><li>Step 1: Complete the required action for compliance</li><li>Step 2: Complete the required action for tax</li><li>Step 3: Complete the required action for procurement</li></ul><h2>Best Practices</h2><p>Always follow company policy when dealing with finance & accounting matters. Consult your manager or the relevant team lead if you are unsure about any step.</p><h2>References</h2><p>See the related policies in the knowledge base for further details.</p>",2025-02-14 00:00:00
Vendor Invoice Processing Procedure,Finance & Accounting,"budget,invoice",Frank Lee,frank.lee,approved,198,4.7,11,"This article covers vendor invoice processing procedure for the Finance & Accounting domain. It provides step-by-step guidance, best practices, and practical examples to help team members follow organisational standards effectively.","<h2>Overview</h2><p>This article covers vendor invoice processing procedure for the Finance & Accounting domain. It provides step-by-step guidance, best practices, and practical examples to help team members follow organisational standards effectively.</p><h2>Key Steps</h2><ul><li>Step 1: Complete the required action for budget</li><li>Step 2: Complete the required action for invoice</li></ul><h2>Best Practices</h2><p>Always follow company policy when dealing with finance & accounting matters. Consult your manager or the relevant team lead if you are unsure about any step.</p><h2>References</h2><p>See the related policies in the knowledge base for further details.</p>",2025-01-26 00:00:00
Budget Request and Approval Process,Finance & Accounting,"invoice,audit",David Kim,david.kim,published,1446,4.4,4,"This article covers budget request and approval process for the Finance & Accounting domain. It provides step-by-step guidance, best practices, and practical examples to help team members follow organisational standards effectively.","<h2>Overview</h2><p>This article covers budget request and approval process for the Finance & Accounting domain. It provides step-by-step guidance, best practices, and practical examples to help team members follow organisational standards effectively.</p><h2>Key Steps</h2><ul><li>Step 1: Complete the required action for invoice</li><li>Step 2: Complete the required action for audit</li></ul><h2>Best Practices</h2><p>Always follow company policy when dealing with finance & accounting matters. Consult your manager or the relevant team lead if you are unsure about any step.</p><h2>References</h2><p>See the related policies in the knowledge base for further details.</p>",2024-11-13 00:00:00
Tax Filing Requirements and Deadlines,Finance & Accounting,"audit,expense",Bob Martinez,bob.martinez,published,1166,3.6,6,"This article covers tax filing requirements and deadlines for the Finance & Accounting domain. It provides step-by-step guidance, best practices, and practical examples to help team members follow organisational standards effectively.","<h2>Overview</h2><p>This article covers tax filing requirements and deadlines for the Finance & Accounting domain. It provides step-by-step guidance, best practices, and practical examples to help team members follow organisational standards effectively.</p><h2>Key Steps</h2><ul><li>Step 1: Complete the required action for audit</li><li>Step 2: Complete the required action for expense</li></ul><h2>Best Practices</h2><p>Always follow company policy when dealing with finance & accounting matters. Consult your manager or the relevant team lead if you are unsure about any step.</p><h2>References</h2><p>See the related policies in the knowledge base for further details.</p>",2024-01-16 00:00:00
Financial Audit Preparation Checklist,Finance & Accounting,"budget,compliance,reimbursement",Frank Lee,frank.lee,published,94,4.2,6,"This article covers financial audit preparation checklist for the Finance & Accounting domain. It provides step-by-step guidance, best practices, and practical examples to help team members follow organisational standards effectively.","<h2>Overview</h2><p>This article covers financial audit preparation checklist for the Finance & Accounting domain. It provides step-by-step guidance, best practices, and practical examples to help team members follow organisational standards effectively.</p><h2>Key Steps</h2><ul><li>Step 1: Complete the required action for budget</li><li>Step 2: Complete the required action for compliance</li><li>Step 3: Complete the required action for reimbursement</li></ul><h2>Best Practices</h2><p>Always follow company policy when dealing with finance & accounting matters. Consult your manager or the relevant team lead if you are unsure about any step.</p><h2>References</h2><p>See the related policies in the knowledge base for further details.</p>",2024-01-30 00:00:00
Chart of Accounts and Coding Guide,Finance & Accounting,"tax,budget",Bob Martinez,bob.martinez,published,1412,3.7,11,"This article covers chart of accounts and coding guide for the Finance & Accounting domain. It provides step-by-step guidance, best practices, and practical examples to help team members follow organisational standards effectively.","<h2>Overview</h2><p>This article covers chart of accounts and coding guide for the Finance & Accounting domain. It provides step-by-step guidance, best practices, and practical examples to help team members follow organisational standards effectively.</p><h2>Key Steps</h2><ul><li>Step 1: Complete the required action for tax</li><li>Step 2: Complete the required action for budget</li></ul><h2>Best Practices</h2><p>Always follow company policy when dealing with finance & accounting matters. Consult your manager or the relevant team lead if you are unsure about any step.</p><h2>References</h2><p>See the related policies in the knowledge base for further details.</p>",2024-07-22 00:00:00
Corporate Credit Card Policy,Finance & Accounting,"budget,payroll,invoice",Bob Martinez,bob.martinez,published,2257,3.6,17,"This article covers corporate credit card policy for the Finance & Accounting domain. It provides step-by-step guidance, best practices, and practical examples to help team members follow organisational standards effectively.","<h2>Overview</h2><p>This article covers corporate credit card policy for the Finance & Accounting domain. It provides step-by-step guidance, best practices, and practical examples to help team members follow organisational standards effectively.</p><h2>Key Steps</h2><ul><li>Step 1: Complete the required action for budget</li><li>Step 2: Complete the required action for payroll</li><li>Step 3: Complete the required action for invoice</li></ul><h2>Best Practices</h2><p>Always follow company policy when dealing with finance & accounting matters. Consult your manager or the relevant team lead if you are unsure about any step.</p><h2>References</h2><p>See the related policies in the knowledge base for further details.</p>",2025-01-03 00:00:00
Capital Expenditure Approval Thresholds,Finance & Accounting,"compliance,expense",David Kim,david.kim,approved,739,3.6,8,"This article covers capital expenditure approval thresholds for the Finance & Accounting domain. It provides step-by-step guidance, best practices, and practical examples to help team members follow organisational standards effectively.","<h2>Overview</h2><p>This article covers capital expenditure approval thresholds for the Finance & Accounting domain. It provides step-by-step guidance, best practices, and practical examples to help team members follow organisational standards effectively.</p><h2>Key Steps</h2><ul><li>Step 1: Complete the required action for compliance</li><li>Step 2: Complete the required action for expense</li></ul><h2>Best Practices</h2><p>Always follow company policy when dealing with finance & accounting matters. Consult your manager or the relevant team lead if you are unsure about any step.</p><h2>References</h2><p>See the related policies in the knowledge base for further details.</p>",2024-08-23 00:00:00
Ticket Triage and Priority Classification,Customer Support,"escalation,feedback",Grace Chen,grace.chen,published,1054,4.0,16,"This article covers ticket triage and priority classification for the Customer Support domain. It provides step-by-step guidance, best practices, and practical examples to help team members follow organisational standards effectively.","<h2>Overview</h2><p>This article covers ticket triage and priority classification for the Customer Support domain. It provides step-by-step guidance, best practices, and practical examples to help team members follow organisational standards effectively.</p><h2>Key Steps</h2><ul><li>Step 1: Complete the required action for escalation</li><li>Step 2: Complete the required action for feedback</li></ul><h2>Best Practices</h2><p>Always follow company policy when dealing with customer support matters. Consult your manager or the relevant team lead if you are unsure about any step.</p><h2>References</h2><p>See the related policies in the knowledge base for further details.</p>",2024-06-26 00:00:00
SLA Definitions and Escalation Matrix,Customer Support,"sla,email",Emma Brown,emma.brown,published,1376,4.6,6,"This article covers sla definitions and escalation matrix for the Customer Support domain. It provides step-by-step guidance, best practices, and practical examples to help team members follow organisational standards effectively.","<h2>Overview</h2><p>This article covers sla definitions and escalation matrix for the Customer Support domain. It provides step-by-step guidance, best practices, and practical examples to help team members follow organisational standards effectively.</p><h2>Key Steps</h2><ul><li>Step 1: Complete the required action for sla</li><li>Step 2: Complete the required action for email</li></ul><h2>Best Practices</h2><p>Always follow company policy when dealing with customer support matters. Consult your manager or the relevant team lead if you are unsure about any step.</p><h2>References</h2><p>See the related policies in the knowledge base for further details.</p>",2024-07-12 00:00:00
Customer Refund and Compensation Policy,Customer Support,"crm,ticket,knowledgebase",Carol White,carol.white,published,1953,3.6,17,"This article covers customer refund and compensation policy for the Customer Support domain. It provides step-by-step guidance, best practices, and practical examples to help team members follow organisational standards effectively.","<h2>Overview</h2><p>This article covers customer refund and compensation policy for the Customer Support domain. It provides step-by-step guidance, best practices, and practical examples to help team members follow organisational standards effectively.</p><h2>Key Steps</h2><ul><li>Step 1: Complete the required action for crm</li><li>Step 2: Complete the required action for ticket</li><li>Step 3: Complete the required action for knowledgebase</li></ul><h2>Best Practices</h2><p>Always follow company policy when dealing with customer support matters. Consult your manager or the relevant team lead if you are unsure about any step.</p><h2>References</h2><p>See the related policies in the knowledge base for further details.</p>",2024-05-18 00:00:00
Live Chat Response Time Standards,Customer Support,"refund,knowledgebase,crm,ticket",Bob Martinez,bob.martinez,published,1497,3.8,17,"This article covers live chat response time standards for the Customer Support domain. It provides step-by-step guidance, best practices, and practical examples to help team members follow organisational standards effectively.","<h2>Overview</h2><p>This article covers live chat response time standards for the Customer Support domain. It provides step-by-step guidance, best practices, and practical examples to help team members follow organisational standards effectively.</p><h2>Key Steps</h2><ul><li>Step 1: Complete the required action for refund</li><li>Step 2: Complete the required action for knowledgebase</li><li>Step 3: Complete the required action for crm</li><li>Step 4: Complete the required action for ticket</li></ul><h2>Best Practices</h2><p>Always follow company policy when dealing with customer support matters. Consult your manager or the relevant team lead if you are unsure about any step.</p><h2>References</h2><p>See the related policies in the knowledge base for further details.</p>",2024-08-05 00:00:00
CRM Data Entry and Quality Guidelines,Customer Support,"ticket,chat",David Kim,david.kim,published,1791,4.9,7,"This article covers crm data entry and quality guidelines for the Customer Support domain. It provides step-by-step guidance, best practices, and practical examples to help team members follow organisational standards effectively.","<h2>Overview</h2><p>This article covers crm data entry and quality guidelines for the Customer Support domain. It provides step-by-step guidance, best practices, and practical examples to help team members follow organisational standards effectively.</p><h2>Key Steps</h2><ul><li>Step 1: Complete the required action for ticket</li><li>Step 2: Complete the required action for chat</li></ul><h2>Best Practices</h2><p>Always follow company policy when dealing with customer support matters. Consult your manager or the relevant team lead if you are unsure about any step.</p><h2>References</h2><p>See the related policies in the knowledge base for further details.</p>",2024-11-15 00:00:00
Customer Satisfaction Survey Process,Customer Support,"ticket,email",Grace Chen,grace.chen,published,2191,3.9,8,"This article covers customer satisfaction survey process for the Customer Support domain. It provides step-by-step guidance, best practices, and practical examples to help team members follow organisational standards effectively.","<h2>Overview</h2><p>This article covers customer satisfaction survey process for the Customer Support domain. It provides step-by-step guidance, best practices, and practical examples to help team members follow organisational standards effectively.</p><h2>Key Steps</h2><ul><li>Step 1: Complete the required action for ticket</li><li>Step 2: Complete the required action for email</li></ul><h2>Best Practices</h2><p>Always follow company policy when dealing with customer support matters. Consult your manager or the relevant team lead if you are unsure about any step.</p><h2>References</h2><p>See the related policies in the knowledge base for further details.</p>",2024-10-27 00:00:00
Knowledge Base Article Creation Guide,Customer Support,"crm,refund,sla",David Kim,david.kim,approved,606,4.5,4,"This article covers knowledge base article creation guide for the Customer Support domain. It provides step-by-step guidance, best practices, and practical examples to help team members follow organisational standards effectively.","<h2>Overview</h2><p>This article covers knowledge base article creation guide for the Customer Support domain. It provides step-by-step guidance, best practices, and practical examples to help team members follow organisational standards effectively.</p><h2>Key Steps</h2><ul><li>Step 1: Complete the required action for crm</li><li>Step 2: Complete the required action for refund</li><li>Step 3: Complete the required action for sla</li></ul><h2>Best Practices</h2><p>Always follow company policy when dealing with customer support matters. Consult your manager or the relevant team lead if you are unsure about any step.</p><h2>References</h2><p>See the related policies in the knowledge base for further details.</p>",2024-05-20 00:00:00
Escalation to Engineering Procedure,Customer Support,"email,knowledgebase",David Kim,david.kim,published,484,3.7,10,"This article covers escalation to engineering procedure for the Customer Support domain. It provides step-by-step guidance, best practices, and practical examples to help team members follow organisational standards effectively.","<h2>Overview</h2><p>This article covers escalation to engineering procedure for the Customer Support domain. It provides step-by-step guidance, best practices, and practical examples to help team members follow organisational standards effectively.</p><h2>Key Steps</h2><ul><li>Step 1: Complete the required action for email</li><li>Step 2: Complete the required action for knowledgebase</li></ul><h2>Best Practices</h2><p>Always follow company policy when dealing with customer support matters. Consult your manager or the relevant team lead if you are unsure about any step.</p><h2>References</h2><p>See the related policies in the knowledge base for further details.</p>",2024-05-06 00:00:00
Support Portal Onboarding for New Customers,Customer Support,"crm,chat",Frank Lee,frank.lee,approved,231,4.8,13,"This article covers support portal onboarding for new customers for the Customer Support domain. It provides step-by-step guidance, best practices, and practical examples to help team members follow organisational standards effectively.","<h2>Overview</h2><p>This article covers support portal onboarding for new customers for the Customer Support domain. It provides step-by-step guidance, best practices, and practical examples to help team members follow organisational standards effectively.</p><h2>Key Steps</h2><ul><li>Step 1: Complete the required action for crm</li><li>Step 2: Complete the required action for chat</li></ul><h2>Best Practices</h2><p>Always follow company policy when dealing with customer support matters. Consult your manager or the relevant team lead if you are unsure about any step.</p><h2>References</h2><p>See the related policies in the knowledge base for further details.</p>",2024-10-20 00:00:00
Product Feedback Collection and Routing,Customer Support,"escalation,sla,refund",Bob Martinez,bob.martinez,approved,861,4.4,13,"This article covers product feedback collection and routing for the Customer Support domain. It provides step-by-step guidance, best practices, and practical examples to help team members follow organisational standards effectively.","<h2>Overview</h2><p>This article covers product feedback collection and routing for the Customer Support domain. It provides step-by-step guidance, best practices, and practical examples to help team members follow organisational standards effectively.</p><h2>Key Steps</h2><ul><li>Step 1: Complete the required action for escalation</li><li>Step 2: Complete the required action for sla</li><li>Step 3: Complete the required action for refund</li></ul><h2>Best Practices</h2><p>Always follow company policy when dealing with customer support matters. Consult your manager or the relevant team lead if you are unsure about any step.</p><h2>References</h2><p>See the related policies in the knowledge base for further details.</p>",2024-02-11 00:00:00
After-Hours On-Call Support Procedure,Customer Support,"chat,ticket,sla,email",Carol White,carol.white,published,2235,4.8,18,"This article covers after-hours on-call support procedure for the Customer Support domain. It provides step-by-step guidance, best practices, and practical examples to help team members follow organisational standards effectively.","<h2>Overview</h2><p>This article covers after-hours on-call support procedure for the Customer Support domain. It provides step-by-step guidance, best practices, and practical examples to help team members follow organisational standards effectively.</p><h2>Key Steps</h2><ul><li>Step 1: Complete the required action for chat</li><li>Step 2: Complete the required action for ticket</li><li>Step 3: Complete the required action for sla</li><li>Step 4: Complete the required action for email</li></ul><h2>Best Practices</h2><p>Always follow company policy when dealing with customer support matters. Consult your manager or the relevant team lead if you are unsure about any step.</p><h2>References</h2><p>See the related policies in the knowledge base for further details.</p>",2024-02-13 00:00:00
Customer Complaint Handling Framework,Customer Support,"ticket,chat",Frank Lee,frank.lee,approved,2356,3.3,15,"This article covers customer complaint handling framework for the Customer Support domain. It provides step-by-step guidance, best practices, and practical examples to help team members follow organisational standards effectively.","<h2>Overview</h2><p>This article covers customer complaint handling framework for the Customer Support domain. It provides step-by-step guidance, best practices, and practical examples to help team members follow organisational standards effectively.</p><h2>Key Steps</h2><ul><li>Step 1: Complete the required action for ticket</li><li>Step 2: Complete the required action for chat</li></ul><h2>Best Practices</h2><p>Always follow company policy when dealing with customer support matters. Consult your manager or the relevant team lead if you are unsure about any step.</p><h2>References</h2><p>See the related policies in the knowledge base for further details.</p>",2024-10-01 00:00:00
NDA Review and Signing Process,Legal & Contracts,"ip-policy,trademark,vendor",Frank Lee,frank.lee,published,1273,4.1,4,"This article covers nda review and signing process for the Legal & Contracts domain. It provides step-by-step guidance, best practices, and practical examples to help team members follow organisational standards effectively.","<h2>Overview</h2><p>This article covers nda review and signing process for the Legal & Contracts domain. It provides step-by-step guidance, best practices, and practical examples to help team members follow organisational standards effectively.</p><h2>Key Steps</h2><ul><li>Step 1: Complete the required action for ip-policy</li><li>Step 2: Complete the required action for trademark</li><li>Step 3: Complete the required action for vendor</li></ul><h2>Best Practices</h2><p>Always follow company policy when dealing with legal & contracts matters. Consult your manager or the relevant team lead if you are unsure about any step.</p><h2>References</h2><p>See the related policies in the knowledge base for further details.</p>",2024-07-29 00:00:00
Vendor Contract Approval Workflow,Legal & Contracts,"liability,trademark",Grace Chen,grace.chen,published,220,3.2,8,"This article covers vendor contract approval workflow for the Legal & Contracts domain. It provides step-by-step guidance, best practices, and practical examples to help team members follow organisational standards effectively.","<h2>Overview</h2><p>This article covers vendor contract approval workflow for the Legal & Contracts domain. It provides step-by-step guidance, best practices, and practical examples to help team members follow organisational standards effectively.</p><h2>Key Steps</h2><ul><li>Step 1: Complete the required action for liability</li><li>Step 2: Complete the required action for trademark</li></ul><h2>Best Practices</h2><p>Always follow company policy when dealing with legal & contracts matters. Consult your manager or the relevant team lead if you are unsure about any step.</p><h2>References</h2><p>See the related policies in the knowledge base for further details.</p>",2024-09-03 00:00:00
Intellectual Property Policy,Legal & Contracts,"gdpr,nda,ip",Carol White,carol.white,published,2274,4.2,17,"This article covers intellectual property policy for the Legal & Contracts domain. It provides step-by-step guidance, best practices, and practical examples to help team members follow organisational standards effectively.","<h2>Overview</h2><p>This article covers intellectual property policy for the Legal & Contracts domain. It provides step-by-step guidance, best practices, and practical examples to help team members follow organisational standards effectively.</p><h2>Key Steps</h2><ul><li>Step 1: Complete the required action for gdpr</li><li>Step 2: Complete the required action for nda</li><li>Step 3: Complete the required action for ip</li></ul><h2>Best Practices</h2><p>Always follow company policy when dealing with legal & contracts matters. Consult your manager or the relevant team lead if you are unsure about any step.</p><h2>References</h2><p>See the related policies in the knowledge base for further details.</p>",2024-07-27 00:00:00
GDPR Data Processing Agreement Guide,Legal & Contracts,"nda,liability",Emma Brown,emma.brown,published,891,3.9,18,"This article covers gdpr data processing agreement guide for the Legal & Contracts domain. It provides step-by-step guidance, best practices, and practical examples to help team members follow organisational standards effectively.","<h2>Overview</h2><p>This article covers gdpr data processing agreement guide for the Legal & Contracts domain. It provides step-by-step guidance, best practices, and practical examples to help team members follow organisational standards effectively.</p><h2>Key Steps</h2><ul><li>Step 1: Complete the required action for nda</li><li>Step 2: Complete the required action for liability</li></ul><h2>Best Practices</h2><p>Always follow company policy when dealing with legal & contracts matters. Consult your manager or the relevant team lead if you are unsure about any step.</p><h2>References</h2><p>See the related policies in the knowledge base for further details.</p>",2024-04-16 00:00:00
Software Licence Compliance Checklist,Legal & Contracts,"trademark,termination,contract,nda",Carol White,carol.white,published,1675,3.4,9,"This article covers software licence compliance checklist for the Legal & Contracts domain. It provides step-by-step guidance, best practices, and practical examples to help team members follow organisational standards effectively.","<h2>Overview</h2><p>This article covers software licence compliance checklist for the Legal & Contracts domain. It provides step-by-step guidance, best practices, and practical examples to help team members follow organisational standards effectively.</p><h2>Key Steps</h2><ul><li>Step 1: Complete the required action for trademark</li><li>Step 2: Complete the required action for termination</li><li>Step 3: Complete the required action for contract</li><li>Step 4: Complete the required action for nda</li></ul><h2>Best Practices</h2><p>Always follow company policy when dealing with legal & contracts matters. Consult your manager or the relevant team lead if you are unsure about any step.</p><h2>References</h2><p>See the related policies in the knowledge base for further details.</p>",2025-01-04 00:00:00
Employment Contract Template Guide,Legal & Contracts,"liability,vendor",Grace Chen,grace.chen,approved,408,4.1,7,"This article covers employment contract template guide for the Legal & Contracts domain. It provides step-by-step guidance, best practices, and practical examples to help team members follow organisational standards effectively.","<h2>Overview</h2><p>This article covers employment contract template guide for the Legal & Contracts domain. It provides step-by-step guidance, best practices, and practical examples to help team members follow organisational standards effectively.</p><h2>Key Steps</h2><ul><li>Step 1: Complete the required action for liability</li><li>Step 2: Complete the required action for vendor</li></ul><h2>Best Practices</h2><p>Always follow company policy when dealing with legal & contracts matters. Consult your manager or the relevant team lead if you are unsure about any step.</p><h2>References</h2><p>See the related policies in the knowledge base for further details.</p>",2025-01-20 00:00:00
Liability and Indemnification Clauses Explained,Legal & Contracts,"contract,gdpr,licensing,nda",Frank Lee,frank.lee,published,1940,4.3,3,"This article covers liability and indemnification clauses explained for the Legal & Contracts domain. It provides step-by-step guidance, best practices, and practical examples to help team members follow organisational standards effectively.","<h2>Overview</h2><p>This article covers liability and indemnification clauses explained for the Legal & Contracts domain. It provides step-by-step guidance, best practices, and practical examples to help team members follow organisational standards effectively.</p><h2>Key Steps</h2><ul><li>Step 1: Complete the required action for contract</li><li>Step 2: Complete the required action for gdpr</li><li>Step 3: Complete the required action for licensing</li><li>Step 4: Complete the required action for nda</li></ul><h2>Best Practices</h2><p>Always follow company policy when dealing with legal & contracts matters. Consult your manager or the relevant team lead if you are unsure about any step.</p><h2>References</h2><p>See the related policies in the knowledge base for further details.</p>",2024-06-19 00:00:00
Contract Renewal and Termination Procedure,Legal & Contracts,"trademark,ip",Emma Brown,emma.brown,published,1080,5.0,7,"This article covers contract renewal and termination procedure for the Legal & Contracts domain. It provides step-by-step guidance, best practices, and practical examples to help team members follow organisational standards effectively.","<h2>Overview</h2><p>This article covers contract renewal and termination procedure for the Legal & Contracts domain. It provides step-by-step guidance, best practices, and practical examples to help team members follow organisational standards effectively.</p><h2>Key Steps</h2><ul><li>Step 1: Complete the required action for trademark</li><li>Step 2: Complete the required action for ip</li></ul><h2>Best Practices</h2><p>Always follow company policy when dealing with legal & contracts matters. Consult your manager or the relevant team lead if you are unsure about any step.</p><h2>References</h2><p>See the related policies in the knowledge base for further details.</p>",2024-11-24 00:00:00
Data Retention and Deletion Policy,Legal & Contracts,"nda,liability,gdpr,ip",Alice Johnson,alice.johnson,published,1432,3.2,7,"This article covers data retention and deletion policy for the Legal & Contracts domain. It provides step-by-step guidance, best practices, and practical examples to help team members follow organisational standards effectively.","<h2>Overview</h2><p>This article covers data retention and deletion policy for the Legal & Contracts domain. It provides step-by-step guidance, best practices, and practical examples to help team members follow organisational standards effectively.</p><h2>Key Steps</h2><ul><li>Step 1: Complete the required action for nda</li><li>Step 2: Complete the required action for liability</li><li>Step 3: Complete the required action for gdpr</li><li>Step 4: Complete the required action for ip</li></ul><h2>Best Practices</h2><p>Always follow company policy when dealing with legal & contracts matters. Consult your manager or the relevant team lead if you are unsure about any step.</p><h2>References</h2><p>See the related policies in the knowledge base for further details.</p>",2024-02-06 00:00:00
Open Source Software Usage Policy,Legal & Contracts,"contract,nda",David Kim,david.kim,approved,110,4.1,13,"This article covers open source software usage policy for the Legal & Contracts domain. It provides step-by-step guidance, best practices, and practical examples to help team members follow organisational standards effectively.","<h2>Overview</h2><p>This article covers open source software usage policy for the Legal & Contracts domain. It provides step-by-step guidance, best practices, and practical examples to help team members follow organisational standards effectively.</p><h2>Key Steps</h2><ul><li>Step 1: Complete the required action for contract</li><li>Step 2: Complete the required action for nda</li></ul><h2>Best Practices</h2><p>Always follow company policy when dealing with legal & contracts matters. Consult your manager or the relevant team lead if you are unsure about any step.</p><h2>References</h2><p>See the related policies in the knowledge base for further details.</p>",2024-06-09 00:00:00
Trademark Registration and Protection Guide,Legal & Contracts,"termination,gdpr",David Kim,david.kim,published,1712,4.2,17,"This article covers trademark registration and protection guide for the Legal & Contracts domain. It provides step-by-step guidance, best practices, and practical examples to help team members follow organisational standards effectively.","<h2>Overview</h2><p>This article covers trademark registration and protection guide for the Legal & Contracts domain. It provides step-by-step guidance, best practices, and practical examples to help team members follow organisational standards effectively.</p><h2>Key Steps</h2><ul><li>Step 1: Complete the required action for termination</li><li>Step 2: Complete the required action for gdpr</li></ul><h2>Best Practices</h2><p>Always follow company policy when dealing with legal & contracts matters. Consult your manager or the relevant team lead if you are unsure about any step.</p><h2>References</h2><p>See the related policies in the knowledge base for further details.</p>",2024-10-29 00:00:00
Acceptable Use Policy for Company Systems,Legal & Contracts,"licensing,trademark",Emma Brown,emma.brown,approved,2128,3.3,11,"This article covers acceptable use policy for company systems for the Legal & Contracts domain. It provides step-by-step guidance, best practices, and practical examples to help team members follow organisational standards effectively.","<h2>Overview</h2><p>This article covers acceptable use policy for company systems for the Legal & Contracts domain. It provides step-by-step guidance, best practices, and practical examples to help team members follow organisational standards effectively.</p><h2>Key Steps</h2><ul><li>Step 1: Complete the required action for licensing</li><li>Step 2: Complete the required action for trademark</li></ul><h2>Best Practices</h2><p>Always follow company policy when dealing with legal & contracts matters. Consult your manager or the relevant team lead if you are unsure about any step.</p><h2>References</h2><p>See the related policies in the knowledge base for further details.</p>",2024-05-01 00:00:00
ETL Pipeline Architecture and Best Practices,Data & Analytics,"dashboard,reporting,pipeline,etl",David Kim,david.kim,published,2229,3.6,17,"This article covers etl pipeline architecture and best practices for the Data & Analytics domain. It provides step-by-step guidance, best practices, and practical examples to help team members follow organisational standards effectively.","<h2>Overview</h2><p>This article covers etl pipeline architecture and best practices for the Data & Analytics domain. It provides step-by-step guidance, best practices, and practical examples to help team members follow organisational standards effectively.</p><h2>Key Steps</h2><ul><li>Step 1: Complete the required action for dashboard</li><li>Step 2: Complete the required action for reporting</li><li>Step 3: Complete the required action for pipeline</li><li>Step 4: Complete the required action for etl</li></ul><h2>Best Practices</h2><p>Always follow company policy when dealing with data & analytics matters. Consult your manager or the relevant team lead if you are unsure about any step.</p><h2>References</h2><p>See the related policies in the knowledge base for further details.</p>",2024-05-17 00:00:00
SQL Query Optimisation Guide,Data & Analytics,"kpi,pipeline,data-quality,etl",Carol White,carol.white,published,72,4.3,16,"This article covers sql query optimisation guide for the Data & Analytics domain. It provides step-by-step guidance, best practices, and practical examples to help team members follow organisational standards effectively.","<h2>Overview</h2><p>This article covers sql query optimisation guide for the Data & Analytics domain. It provides step-by-step guidance, best practices, and practical examples to help team members follow organisational standards effectively.</p><h2>Key Steps</h2><ul><li>Step 1: Complete the required action for kpi</li><li>Step 2: Complete the required action for pipeline</li><li>Step 3: Complete the required action for data-quality</li><li>Step 4: Complete the required action for etl</li></ul><h2>Best Practices</h2><p>Always follow company policy when dealing with data & analytics matters. Consult your manager or the relevant team lead if you are unsure about any step.</p><h2>References</h2><p>See the related policies in the knowledge base for further details.</p>",2024-01-21 00:00:00
BI Dashboard Design Standards,Data & Analytics,"pipeline,data-quality",Bob Martinez,bob.martinez,approved,1840,4.6,14,"This article covers bi dashboard design standards for the Data & Analytics domain. It provides step-by-step guidance, best practices, and practical examples to help team members follow organisational standards effectively.","<h2>Overview</h2><p>This article covers bi dashboard design standards for the Data & Analytics domain. It provides step-by-step guidance, best practices, and practical examples to help team members follow organisational standards effectively.</p><h2>Key Steps</h2><ul><li>Step 1: Complete the required action for pipeline</li><li>Step 2: Complete the required action for data-quality</li></ul><h2>Best Practices</h2><p>Always follow company policy when dealing with data & analytics matters. Consult your manager or the relevant team lead if you are unsure about any step.</p><h2>References</h2><p>See the related policies in the knowledge base for further details.</p>",2024-02-13 00:00:00
Data Quality Rules and Validation Checks,Data & Analytics,"dashboard,warehouse,bi,visualization",Emma Brown,emma.brown,approved,626,4.2,3,"This article covers data quality rules and validation checks for the Data & Analytics domain. It provides step-by-step guidance, best practices, and practical examples to help team members follow organisational standards effectively.","<h2>Overview</h2><p>This article covers data quality rules and validation checks for the Data & Analytics domain. It provides step-by-step guidance, best practices, and practical examples to help team members follow organisational standards effectively.</p><h2>Key Steps</h2><ul><li>Step 1: Complete the required action for dashboard</li><li>Step 2: Complete the required action for warehouse</li><li>Step 3: Complete the required action for bi</li><li>Step 4: Complete the required action for visualization</li></ul><h2>Best Practices</h2><p>Always follow company policy when dealing with data & analytics matters. Consult your manager or the relevant team lead if you are unsure about any step.</p><h2>References</h2><p>See the related policies in the knowledge base for further details.</p>",2024-08-31 00:00:00
KPI Definition and Reporting Framework,Data & Analytics,"kpi,dashboard,etl,sql",Bob Martinez,bob.martinez,published,1659,4.4,13,"This article covers kpi definition and reporting framework for the Data & Analytics domain. It provides step-by-step guidance, best practices, and practical examples to help team members follow organisational standards effectively.","<h2>Overview</h2><p>This article covers kpi definition and reporting framework for the Data & Analytics domain. It provides step-by-step guidance, best practices, and practical examples to help team members follow organisational standards effectively.</p><h2>Key Steps</h2><ul><li>Step 1: Complete the required action for kpi</li><li>Step 2: Complete the required action for dashboard</li><li>Step 3: Complete the required action for etl</li><li>Step 4: Complete the required action for sql</li></ul><h2>Best Practices</h2><p>Always follow company policy when dealing with data & analytics matters. Consult your manager or the relevant team lead if you are unsure about any step.</p><h2>References</h2><p>See the related policies in the knowledge base for further details.</p>",2024-08-08 00:00:00
Data Warehouse Naming Conventions,Data & Analytics,"dashboard,kpi,warehouse",Emma Brown,emma.brown,approved,437,4.1,18,"This article covers data warehouse naming conventions for the Data & Analytics domain. It provides step-by-step guidance, best practices, and practical examples to help team members follow organisational standards effectively.","<h2>Overview</h2><p>This article covers data warehouse naming conventions for the Data & Analytics domain. It provides step-by-step guidance, best practices, and practical examples to help team members follow organisational standards effectively.</p><h2>Key Steps</h2><ul><li>Step 1: Complete the required action for dashboard</li><li>Step 2: Complete the required action for kpi</li><li>Step 3: Complete the required action for warehouse</li></ul><h2>Best Practices</h2><p>Always follow company policy when dealing with data & analytics matters. Consult your manager or the relevant team lead if you are unsure about any step.</p><h2>References</h2><p>See the related policies in the knowledge base for further details.</p>",2024-08-24 00:00:00
Analytics Event Tracking Implementation,Data & Analytics,"warehouse,sql",Carol White,carol.white,approved,1904,3.3,10,"This article covers analytics event tracking implementation for the Data & Analytics domain. It provides step-by-step guidance, best practices, and practical examples to help team members follow organisational standards effectively.","<h2>Overview</h2><p>This article covers analytics event tracking implementation for the Data & Analytics domain. It provides step-by-step guidance, best practices, and practical examples to help team members follow organisational standards effectively.</p><h2>Key Steps</h2><ul><li>Step 1: Complete the required action for warehouse</li><li>Step 2: Complete the required action for sql</li></ul><h2>Best Practices</h2><p>Always follow company policy when dealing with data & analytics matters. Consult your manager or the relevant team lead if you are unsure about any step.</p><h2>References</h2><p>See the related policies in the knowledge base for further details.</p>",2024-04-28 00:00:00
GDPR Compliance for Data Pipelines,Data & Analytics,"reporting,pipeline,dashboard,etl",Grace Chen,grace.chen,published,548,3.9,17,"This article covers gdpr compliance for data pipelines for the Data & Analytics domain. It provides step-by-step guidance, best practices, and practical examples to help team members follow organisational standards effectively.","<h2>Overview</h2><p>This article covers gdpr compliance for data pipelines for the Data & Analytics domain. It provides step-by-step guidance, best practices, and practical examples to help team members follow organisational standards effectively.</p><h2>Key Steps</h2><ul><li>Step 1: Complete the required action for reporting</li><li>Step 2: Complete the required action for pipeline</li><li>Step 3: Complete the required action for dashboard</li><li>Step 4: Complete the required action for etl</li></ul><h2>Best Practices</h2><p>Always follow company policy when dealing with data & analytics matters. Consult your manager or the relevant team lead if you are unsure about any step.</p><h2>References</h2><p>See the related policies in the knowledge base for further details.</p>",2024-09-08 00:00:00
Data Lineage Documentation Standards,Data & Analytics,"data-quality,dashboard,warehouse,visualization",Alice Johnson,alice.johnson,published,1867,4.3,11,"This article covers data lineage documentation standards for the Data & Analytics domain. It provides step-by-step guidance, best practices, and practical examples to help team members follow organisational standards effectively.","<h2>Overview</h2><p>This article covers data lineage documentation standards for the Data & Analytics domain. It provides step-by-step guidance, best practices, and practical examples to help team members follow organisational standards effectively.</p><h2>Key Steps</h2><ul><li>Step 1: Complete the required action for data-quality</li><li>Step 2: Complete the required action for dashboard</li><li>Step 3: Complete the required action for warehouse</li><li>Step 4: Complete the required action for visualization</li></ul><h2>Best Practices</h2><p>Always follow company policy when dealing with data & analytics matters. Consult your manager or the relevant team lead if you are unsure about any step.</p><h2>References</h2><p>See the related policies in the knowledge base for further details.</p>",2024-09-21 00:00:00
Self-Service Analytics Onboarding Guide,Data & Analytics,"visualization,pipeline",David Kim,david.kim,published,1542,3.7,6,"This article covers self-service analytics onboarding guide for the Data & Analytics domain. It provides step-by-step guidance, best practices, and practical examples to help team members follow organisational standards effectively.","<h2>Overview</h2><p>This article covers self-service analytics onboarding guide for the Data & Analytics domain. It provides step-by-step guidance, best practices, and practical examples to help team members follow organisational standards effectively.</p><h2>Key Steps</h2><ul><li>Step 1: Complete the required action for visualization</li><li>Step 2: Complete the required action for pipeline</li></ul><h2>Best Practices</h2><p>Always follow company policy when dealing with data & analytics matters. Consult your manager or the relevant team lead if you are unsure about any step.</p><h2>References</h2><p>See the related policies in the knowledge base for further details.</p>",2024-01-15 00:00:00
Real-Time Streaming with Apache Kafka,Data & Analytics,"warehouse,dashboard,etl",Emma Brown,emma.brown,published,1131,4.3,18,"This article covers real-time streaming with apache kafka for the Data & Analytics domain. It provides step-by-step guidance, best practices, and practical examples to help team members follow organisational standards effectively.","<h2>Overview</h2><p>This article covers real-time streaming with apache kafka for the Data & Analytics domain. It provides step-by-step guidance, best practices, and practical examples to help team members follow organisational standards effectively.</p><h2>Key Steps</h2><ul><li>Step 1: Complete the required action for warehouse</li><li>Step 2: Complete the required action for dashboard</li><li>Step 3: Complete the required action for etl</li></ul><h2>Best Practices</h2><p>Always follow company policy when dealing with data & analytics matters. Consult your manager or the relevant team lead if you are unsure about any step.</p><h2>References</h2><p>See the related policies in the knowledge base for further details.</p>",2024-08-15 00:00:00
A/B Testing Framework and Analysis Guide,Data & Analytics,"sql,etl,data-quality",David Kim,david.kim,archived,388,4.1,18,"This article covers a/b testing framework and analysis guide for the Data & Analytics domain. It provides step-by-step guidance, best practices, and practical examples to help team members follow organisational standards effectively.","<h2>Overview</h2><p>This article covers a/b testing framework and analysis guide for the Data & Analytics domain. It provides step-by-step guidance, best practices, and practical examples to help team members follow organisational standards effectively.</p><h2>Key Steps</h2><ul><li>Step 1: Complete the required action for sql</li><li>Step 2: Complete the required action for etl</li><li>Step 3: Complete the required action for data-quality</li></ul><h2>Best Practices</h2><p>Always follow company policy when dealing with data & analytics matters. Consult your manager or the relevant team lead if you are unsure about any step.</p><h2>References</h2><p>See the related policies in the knowledge base for further details.</p>",2024-03-06 00:00:00
Standard Operating Procedure (SOP) Template,Operations,"sop,workflow,vendor",Bob Martinez,bob.martinez,archived,2304,3.9,3,"This article covers standard operating procedure (sop) template for the Operations domain. It provides step-by-step guidance, best practices, and practical examples to help team members follow organisational standards effectively.","<h2>Overview</h2><p>This article covers standard operating procedure (sop) template for the Operations domain. It provides step-by-step guidance, best practices, and practical examples to help team members follow organisational standards effectively.</p><h2>Key Steps</h2><ul><li>Step 1: Complete the required action for sop</li><li>Step 2: Complete the required action for workflow</li><li>Step 3: Complete the required action for vendor</li></ul><h2>Best Practices</h2><p>Always follow company policy when dealing with operations matters. Consult your manager or the relevant team lead if you are unsure about any step.</p><h2>References</h2><p>See the related policies in the knowledge base for further details.</p>",2024-08-31 00:00:00
Business Continuity Plan Overview,Operations,"workflow,procurement,sla",Grace Chen,grace.chen,published,662,4.8,13,"This article covers business continuity plan overview for the Operations domain. It provides step-by-step guidance, best practices, and practical examples to help team members follow organisational standards effectively.","<h2>Overview</h2><p>This article covers business continuity plan overview for the Operations domain. It provides step-by-step guidance, best practices, and practical examples to help team members follow organisational standards effectively.</p><h2>Key Steps</h2><ul><li>Step 1: Complete the required action for workflow</li><li>Step 2: Complete the required action for procurement</li><li>Step 3: Complete the required action for sla</li></ul><h2>Best Practices</h2><p>Always follow company policy when dealing with operations matters. Consult your manager or the relevant team lead if you are unsure about any step.</p><h2>References</h2><p>See the related policies in the knowledge base for further details.</p>",2024-03-29 00:00:00
Office Facilities and Space Management Policy,Operations,"logistics,workflow,scheduling,vendor",Alice Johnson,alice.johnson,published,1257,4.7,8,"This article covers office facilities and space management policy for the Operations domain. It provides step-by-step guidance, best practices, and practical examples to help team members follow organisational standards effectively.","<h2>Overview</h2><p>This article covers office facilities and space management policy for the Operations domain. It provides step-by-step guidance, best practices, and practical examples to help team members follow organisational standards effectively.</p><h2>Key Steps</h2><ul><li>Step 1: Complete the required action for logistics</li><li>Step 2: Complete the required action for workflow</li><li>Step 3: Complete the required action for scheduling</li><li>Step 4: Complete the required action for vendor</li></ul><h2>Best Practices</h2><p>Always follow company policy when dealing with operations matters. Consult your manager or the relevant team lead if you are unsure about any step.</p><h2>References</h2><p>See the related policies in the knowledge base for further details.</p>",2025-01-27 00:00:00
Vendor Onboarding and Due Diligence Checklist,Operations,"sla,vendor",Grace Chen,grace.chen,published,2024,4.4,18,"This article covers vendor onboarding and due diligence checklist for the Operations domain. It provides step-by-step guidance, best practices, and practical examples to help team members follow organisational standards effectively.","<h2>Overview</h2><p>This article covers vendor onboarding and due diligence checklist for the Operations domain. It provides step-by-step guidance, best practices, and practical examples to help team members follow organisational standards effectively.</p><h2>Key Steps</h2><ul><li>Step 1: Complete the required action for sla</li><li>Step 2: Complete the required action for vendor</li></ul><h2>Best Practices</h2><p>Always follow company policy when dealing with operations matters. Consult your manager or the relevant team lead if you are unsure about any step.</p><h2>References</h2><p>See the related policies in the knowledge base for further details.</p>",2024-03-02 00:00:00
Inventory Management and Stock Control,Operations,"inventory,procurement,vendor",Emma Brown,emma.brown,approved,672,4.1,12,"This article covers inventory management and stock control for the Operations domain. It provides step-by-step guidance, best practices, and practical examples to help team members follow organisational standards effectively.","<h2>Overview</h2><p>This article covers inventory management and stock control for the Operations domain. It provides step-by-step guidance, best practices, and practical examples to help team members follow organisational standards effectively.</p><h2>Key Steps</h2><ul><li>Step 1: Complete the required action for inventory</li><li>Step 2: Complete the required action for procurement</li><li>Step 3: Complete the required action for vendor</li></ul><h2>Best Practices</h2><p>Always follow company policy when dealing with operations matters. Consult your manager or the relevant team lead if you are unsure about any step.</p><h2>References</h2><p>See the related policies in the knowledge base for further details.</p>",2024-01-19 00:00:00
Workplace Health and Safety Guidelines,Operations,"continuity,workflow,procurement,facilities",Frank Lee,frank.lee,published,790,3.9,7,"This article covers workplace health and safety guidelines for the Operations domain. It provides step-by-step guidance, best practices, and practical examples to help team members follow organisational standards effectively.","<h2>Overview</h2><p>This article covers workplace health and safety guidelines for the Operations domain. It provides step-by-step guidance, best practices, and practical examples to help team members follow organisational standards effectively.</p><h2>Key Steps</h2><ul><li>Step 1: Complete the required action for continuity</li><li>Step 2: Complete the required action for workflow</li><li>Step 3: Complete the required action for procurement</li><li>Step 4: Complete the required action for facilities</li></ul><h2>Best Practices</h2><p>Always follow company policy when dealing with operations matters. Consult your manager or the relevant team lead if you are unsure about any step.</p><h2>References</h2><p>See the related policies in the knowledge base for further details.</p>",2024-11-30 00:00:00
Sustainability and Environmental Policy,Operations,"inventory,logistics,vendor",Carol White,carol.white,published,802,3.6,9,"This article covers sustainability and environmental policy for the Operations domain. It provides step-by-step guidance, best practices, and practical examples to help team members follow organisational standards effectively.","<h2>Overview</h2><p>This article covers sustainability and environmental policy for the Operations domain. It provides step-by-step guidance, best practices, and practical examples to help team members follow organisational standards effectively.</p><h2>Key Steps</h2><ul><li>Step 1: Complete the required action for inventory</li><li>Step 2: Complete the required action for logistics</li><li>Step 3: Complete the required action for vendor</li></ul><h2>Best Practices</h2><p>Always follow company policy when dealing with operations matters. Consult your manager or the relevant team lead if you are unsure about any step.</p><h2>References</h2><p>See the related policies in the knowledge base for further details.</p>",2024-06-21 00:00:00
Third-Party Logistics Integration Process,Operations,"inventory,sla,workflow",Alice Johnson,alice.johnson,approved,58,4.0,10,"This article covers third-party logistics integration process for the Operations domain. It provides step-by-step guidance, best practices, and practical examples to help team members follow organisational standards effectively.","<h2>Overview</h2><p>This article covers third-party logistics integration process for the Operations domain. It provides step-by-step guidance, best practices, and practical examples to help team members follow organisational standards effectively.</p><h2>Key Steps</h2><ul><li>Step 1: Complete the required action for inventory</li><li>Step 2: Complete the required action for sla</li><li>Step 3: Complete the required action for workflow</li></ul><h2>Best Practices</h2><p>Always follow company policy when dealing with operations matters. Consult your manager or the relevant team lead if you are unsure about any step.</p><h2>References</h2><p>See the related policies in the knowledge base for further details.</p>",2024-02-12 00:00:00
Operational SLA Review and Reporting,Operations,"sla,sop",Alice Johnson,alice.johnson,published,1180,4.0,8,"This article covers operational sla review and reporting for the Operations domain. It provides step-by-step guidance, best practices, and practical examples to help team members follow organisational standards effectively.","<h2>Overview</h2><p>This article covers operational sla review and reporting for the Operations domain. It provides step-by-step guidance, best practices, and practical examples to help team members follow organisational standards effectively.</p><h2>Key Steps</h2><ul><li>Step 1: Complete the required action for sla</li><li>Step 2: Complete the required action for sop</li></ul><h2>Best Practices</h2><p>Always follow company policy when dealing with operations matters. Consult your manager or the relevant team lead if you are unsure about any step.</p><h2>References</h2><p>See the related policies in the knowledge base for further details.</p>",2024-04-06 00:00:00
Shift Handover and Briefing Procedure,Operations,"sla,inventory,scheduling,facilities",Frank Lee,frank.lee,approved,1719,4.5,7,"This article covers shift handover and briefing procedure for the Operations domain. It provides step-by-step guidance, best practices, and practical examples to help team members follow organisational standards effectively.","<h2>Overview</h2><p>This article covers shift handover and briefing procedure for the Operations domain. It provides step-by-step guidance, best practices, and practical examples to help team members follow organisational standards effectively.</p><h2>Key Steps</h2><ul><li>Step 1: Complete the required action for sla</li><li>Step 2: Complete the required action for inventory</li><li>Step 3: Complete the required action for scheduling</li><li>Step 4: Complete the required action for facilities</li></ul><h2>Best Practices</h2><p>Always follow company policy when dealing with operations matters. Consult your manager or the relevant team lead if you are unsure about any step.</p><h2>References</h2><p>See the related policies in the knowledge base for further details.</p>",2025-02-14 00:00:00
Corporate Travel Booking Policy,Operations,"logistics,inventory,vendor,procurement",Frank Lee,frank.lee,published,757,4.2,7,"This article covers corporate travel booking policy for the Operations domain. It provides step-by-step guidance, best practices, and practical examples to help team members follow organisational standards effectively.","<h2>Overview</h2><p>This article covers corporate travel booking policy for the Operations domain. It provides step-by-step guidance, best practices, and practical examples to help team members follow organisational standards effectively.</p><h2>Key Steps</h2><ul><li>Step 1: Complete the required action for logistics</li><li>Step 2: Complete the required action for inventory</li><li>Step 3: Complete the required action for vendor</li><li>Step 4: Complete the required action for procurement</li></ul><h2>Best Practices</h2><p>Always follow company policy when dealing with operations matters. Consult your manager or the relevant team lead if you are unsure about any step.</p><h2>References</h2><p>See the related policies in the knowledge base for further details.</p>",2024-11-16 00:00:00
Equipment Maintenance Schedule,Operations,"facilities,inventory,continuity",Emma Brown,emma.brown,approved,1388,3.9,6,"This article covers equipment maintenance schedule for the Operations domain. It provides step-by-step guidance, best practices, and practical examples to help team members follow organisational standards effectively.","<h2>Overview</h2><p>This article covers equipment maintenance schedule for the Operations domain. It provides step-by-step guidance, best practices, and practical examples to help team members follow organisational standards effectively.</p><h2>Key Steps</h2><ul><li>Step 1: Complete the required action for facilities</li><li>Step 2: Complete the required action for inventory</li><li>Step 3: Complete the required action for continuity</li></ul><h2>Best Practices</h2><p>Always follow company policy when dealing with operations matters. Consult your manager or the relevant team lead if you are unsure about any step.</p><h2>References</h2><p>See the related policies in the knowledge base for further details.</p>",2025-01-16 00:00:00
